analysis_plan_commit	extension_freeze_commit	extension_specification_sha256	input_manifest_sha256	sequence_selection_blind	interpretation	candidate_id	design_reference_id	transcript_start_0based	transcript_end_exclusive	guide_complete_strand_sequence	passenger_complete_strand_sequence	development_preference_pass	development_seed_site_total	development_exclusion_reasons	variant_coverage	muscle_expression_annotation	guide_full_mismatch_le2_other_site_count	guide_full_mismatch_le2_other_transcript_count	guide_full_mismatch_le2_other_gene_count	guide_8mer_other_site_count	guide_8mer_other_transcript_count	guide_8mer_other_gene_count	guide_GDF11_8mer_site_count	guide_INHBA_8mer_site_count	guide_7mer-m8_other_site_count	guide_7mer-m8_other_transcript_count	guide_7mer-m8_other_gene_count	guide_GDF11_7mer-m8_site_count	guide_INHBA_7mer-m8_site_count	guide_7mer-A1_other_site_count	guide_7mer-A1_other_transcript_count	guide_7mer-A1_other_gene_count	guide_GDF11_7mer-A1_site_count	guide_INHBA_7mer-A1_site_count	guide_seed_other_distinct_transcript_count_union	guide_seed_other_distinct_gene_count_union	passenger_full_mismatch_le2_other_site_count	passenger_full_mismatch_le2_other_transcript_count	passenger_full_mismatch_le2_other_gene_count	passenger_8mer_other_site_count	passenger_8mer_other_transcript_count	passenger_8mer_other_gene_count	passenger_GDF11_8mer_site_count	passenger_INHBA_8mer_site_count	passenger_7mer-m8_other_site_count	passenger_7mer-m8_other_transcript_count	passenger_7mer-m8_other_gene_count	passenger_GDF11_7mer-m8_site_count	passenger_INHBA_7mer-m8_site_count	passenger_7mer-A1_other_site_count	passenger_7mer-A1_other_transcript_count	passenger_7mer-A1_other_gene_count	passenger_GDF11_7mer-A1_site_count	passenger_INHBA_7mer-A1_site_count	passenger_seed_other_distinct_transcript_count_union	passenger_seed_other_distinct_gene_count_union
c88a0d5e0aafb4237147041372332538f699bb24	5a4237b0db502f3e8f0cb7f383155d0cd14fc0bf	0fdd79e05904dacec4c9ebf254f03f313d7bbe8b408905030c4a4be79508de50	c4ee301a2774857a63b158e23aa14ea9d68bfad532d6429e2d05e91908c29427	False	Retrospective development preference; not an efficacy, safety or delivery prediction.	MSTN_ENST00000260950.5_0000328_0000347	ENST00000260950.5	328	347	UGUUAGGAGCUGUUUCCAGUU	CUGGAAACAGCUCCUAACAUU	False	67156	RECORDED_OTHER_GENE_FULL_CORE_WITHIN_TWO_SUBSTITUTIONS;RECORDED_GDF11_CANONICAL_SEED_SITE	UNASSESSED — excluded from accelerated scope	UNASSESSED — excluded from accelerated scope	55	55	6	4072	3974	840	0	0	6022	5817	1439	1	0	6015	5839	1431	0	0	14684	3275	61	61	3	5931	5762	1318	0	0	16419	14995	3509	0	0	28697	24121	4904	0	3	38985	7536
c88a0d5e0aafb4237147041372332538f699bb24	5a4237b0db502f3e8f0cb7f383155d0cd14fc0bf	0fdd79e05904dacec4c9ebf254f03f313d7bbe8b408905030c4a4be79508de50	c4ee301a2774857a63b158e23aa14ea9d68bfad532d6429e2d05e91908c29427	False	Retrospective development preference; not an efficacy, safety or delivery prediction.	MSTN_ENST00000260950.5_0000329_0000348	ENST00000260950.5	329	348	AUGUUAGGAGCUGUUUCCAUU	UGGAAACAGCUCCUAACAUUU	False	63250	RECORDED_OTHER_GENE_FULL_CORE_WITHIN_TWO_SUBSTITUTIONS;RECORDED_GDF11_CANONICAL_SEED_SITE	UNASSESSED — excluded from accelerated scope	UNASSESSED — excluded from accelerated scope	17	17	4	2568	2543	601	0	0	7519	7195	1651	0	0	8788	8370	1891	1	0	17071	3665	58	58	2	9301	8837	2080	0	0	22025	19635	4128	1	0	13049	12050	2836	0	0	35934	7105
c88a0d5e0aafb4237147041372332538f699bb24	5a4237b0db502f3e8f0cb7f383155d0cd14fc0bf	0fdd79e05904dacec4c9ebf254f03f313d7bbe8b408905030c4a4be79508de50	c4ee301a2774857a63b158e23aa14ea9d68bfad532d6429e2d05e91908c29427	False	Retrospective development preference; not an efficacy, safety or delivery prediction.	MSTN_ENST00000260950.5_0000330_0000349	ENST00000260950.5	330	349	GAUGUUAGGAGCUGUUUCCUU	GGAAACAGCUCCUAACAUCUU	False	82241	RECORDED_OTHER_GENE_FULL_CORE_WITHIN_TWO_SUBSTITUTIONS;RECORDED_GDF11_CANONICAL_SEED_SITE	UNASSESSED — excluded from accelerated scope	UNASSESSED — excluded from accelerated scope	10	10	1	2324	2281	571	0	0	9645	9015	2123	0	0	12613	11529	2521	2	1	20820	4388	3	3	3	7723	7329	1706	0	0	24066	21103	4415	0	0	25870	22336	4371	0	0	43418	7976
c88a0d5e0aafb4237147041372332538f699bb24	5a4237b0db502f3e8f0cb7f383155d0cd14fc0bf	0fdd79e05904dacec4c9ebf254f03f313d7bbe8b408905030c4a4be79508de50	c4ee301a2774857a63b158e23aa14ea9d68bfad532d6429e2d05e91908c29427	False	Retrospective development preference; not an efficacy, safety or delivery prediction.	MSTN_ENST00000260950.5_0000331_0000350	ENST00000260950.5	331	350	UGAUGUUAGGAGCUGUUUCUU	GAAACAGCUCCUAACAUCAUU	False	79504	RECORDED_OTHER_GENE_FULL_CORE_WITHIN_TWO_SUBSTITUTIONS;RECORDED_GDF11_CANONICAL_SEED_SITE	UNASSESSED — excluded from accelerated scope	UNASSESSED — excluded from accelerated scope	12	12	3	4297	4122	974	0	0	7270	6945	1647	1	0	15608	13947	3395	1	0	23009	5128	1	1	1	5636	5475	1199	0	0	25294	22228	4444	0	0	21399	19047	3750	0	1	40400	7368
c88a0d5e0aafb4237147041372332538f699bb24	5a4237b0db502f3e8f0cb7f383155d0cd14fc0bf	0fdd79e05904dacec4c9ebf254f03f313d7bbe8b408905030c4a4be79508de50	c4ee301a2774857a63b158e23aa14ea9d68bfad532d6429e2d05e91908c29427	False	Retrospective development preference; not an efficacy, safety or delivery prediction.	MSTN_ENST00000260950.5_0000332_0000351	ENST00000260950.5	332	351	CUGAUGUUAGGAGCUGUUUUU	AAACAGCUCCUAACAUCAGUU	False	65392	RECORDED_OTHER_GENE_FULL_CORE_WITHIN_TWO_SUBSTITUTIONS;RECORDED_GDF11_CANONICAL_SEED_SITE	UNASSESSED — excluded from accelerated scope	UNASSESSED — excluded from accelerated scope	18	18	7	5064	4760	1270	0	0	14841	13340	3182	1	0	9864	9183	2465	1	0	24601	5602	2	2	2	4581	4428	1034	0	0	21040	18597	3913	0	2	10002	9371	2093	1	0	29298	5885
c88a0d5e0aafb4237147041372332538f699bb24	5a4237b0db502f3e8f0cb7f383155d0cd14fc0bf	0fdd79e05904dacec4c9ebf254f03f313d7bbe8b408905030c4a4be79508de50	c4ee301a2774857a63b158e23aa14ea9d68bfad532d6429e2d05e91908c29427	False	Retrospective development preference; not an efficacy, safety or delivery prediction.	MSTN_ENST00000260950.5_0000333_0000352	ENST00000260950.5	333	352	GCUGAUGUUAGGAGCUGUUUU	AACAGCUCCUAACAUCAGCUU	False	66655	RECORDED_OTHER_GENE_FULL_CORE_WITHIN_TWO_SUBSTITUTIONS	UNASSESSED — excluded from accelerated scope	UNASSESSED — excluded from accelerated scope	2	2	2	6359	5656	1288	0	0	11544	10823	2643	0	1	14114	12866	3051	0	0	26352	5656	2	2	1	3556	3477	817	0	0	17752	15922	3611	0	0	13330	12313	2750	0	0	29212	6054
c88a0d5e0aafb4237147041372332538f699bb24	5a4237b0db502f3e8f0cb7f383155d0cd14fc0bf	0fdd79e05904dacec4c9ebf254f03f313d7bbe8b408905030c4a4be79508de50	c4ee301a2774857a63b158e23aa14ea9d68bfad532d6429e2d05e91908c29427	False	Retrospective development preference; not an efficacy, safety or delivery prediction.	MSTN_ENST00000260950.5_0000334_0000353	ENST00000260950.5	334	353	UGCUGAUGUUAGGAGCUGUUU	ACAGCUCCUAACAUCAGCAUU	False	82196	RECORDED_OTHER_GENE_FULL_CORE_WITHIN_TWO_SUBSTITUTIONS;RECORDED_GDF11_CANONICAL_SEED_SITE	UNASSESSED — excluded from accelerated scope	UNASSESSED — excluded from accelerated scope	20	20	2	5848	5569	1483	0	0	11831	10956	2572	0	0	11822	11078	2482	3	1	25248	5393	1	1	1	7622	7168	1799	1	0	28143	23161	5055	0	0	16930	15237	3723	3	0	39719	8079
c88a0d5e0aafb4237147041372332538f699bb24	5a4237b0db502f3e8f0cb7f383155d0cd14fc0bf	0fdd79e05904dacec4c9ebf254f03f313d7bbe8b408905030c4a4be79508de50	c4ee301a2774857a63b158e23aa14ea9d68bfad532d6429e2d05e91908c29427	False	Retrospective development preference; not an efficacy, safety or delivery prediction.	MSTN_ENST00000260950.5_0000335_0000354	ENST00000260950.5	335	354	UUGCUGAUGUUAGGAGCUGUU	CAGCUCCUAACAUCAGCAAUU	False	64881	RECORDED_OTHER_GENE_FULL_CORE_WITHIN_TWO_SUBSTITUTIONS;RECORDED_GDF11_CANONICAL_SEED_SITE	UNASSESSED — excluded from accelerated scope	UNASSESSED — excluded from accelerated scope	15	15	2	4810	4636	1200	0	0	12860	11989	2759	3	1	14767	13444	3370	2	2	27319	5937	2	2	2	2860	2798	804	0	0	23225	19985	4537	0	0	6359	6116	1509	0	0	26923	5953
c88a0d5e0aafb4237147041372332538f699bb24	5a4237b0db502f3e8f0cb7f383155d0cd14fc0bf	0fdd79e05904dacec4c9ebf254f03f313d7bbe8b408905030c4a4be79508de50	c4ee301a2774857a63b158e23aa14ea9d68bfad532d6429e2d05e91908c29427	False	Retrospective development preference; not an efficacy, safety or delivery prediction.	MSTN_ENST00000260950.5_0000336_0000355	ENST00000260950.5	336	355	UUUGCUGAUGUUAGGAGCUUU	AGCUCCUAACAUCAGCAAAUU	False	67944	RECORDED_OTHER_GENE_FULL_CORE_WITHIN_TWO_SUBSTITUTIONS;RECORDED_GDF11_CANONICAL_SEED_SITE	UNASSESSED — excluded from accelerated scope	UNASSESSED — excluded from accelerated scope	6	6	2	6425	6109	1698	1	0	13152	12079	2989	1	2	18034	16103	3794	1	0	30329	6578	4	4	2	3013	2920	697	0	0	5662	5501	1321	0	0	21658	19079	4388	2	0	25957	5651
c88a0d5e0aafb4237147041372332538f699bb24	5a4237b0db502f3e8f0cb7f383155d0cd14fc0bf	0fdd79e05904dacec4c9ebf254f03f313d7bbe8b408905030c4a4be79508de50	c4ee301a2774857a63b158e23aa14ea9d68bfad532d6429e2d05e91908c29427	False	Retrospective development preference; not an efficacy, safety or delivery prediction.	MSTN_ENST00000260950.5_0000337_0000356	ENST00000260950.5	337	356	CUUUGCUGAUGUUAGGAGCUU	GCUCCUAACAUCAGCAAAGUU	False	74962	RECORDED_OTHER_GENE_FULL_CORE_WITHIN_TWO_SUBSTITUTIONS;RECORDED_GDF11_CANONICAL_SEED_SITE	UNASSESSED — excluded from accelerated scope	UNASSESSED — excluded from accelerated scope	1	1	1	7134	6732	1701	2	0	17325	15550	3771	0	0	25832	21301	4627	1	0	37584	7571	6	6	3	4569	4467	1112	1	0	9924	9326	2139	0	0	10178	9495	2241	1	0	21444	4634
c88a0d5e0aafb4237147041372332538f699bb24	5a4237b0db502f3e8f0cb7f383155d0cd14fc0bf	0fdd79e05904dacec4c9ebf254f03f313d7bbe8b408905030c4a4be79508de50	c4ee301a2774857a63b158e23aa14ea9d68bfad532d6429e2d05e91908c29427	False	Retrospective development preference; not an efficacy, safety or delivery prediction.	MSTN_ENST00000260950.5_0000338_0000357	ENST00000260950.5	338	357	UCUUUGCUGAUGUUAGGAGUU	CUCCUAACAUCAGCAAAGAUU	False	65072	RECORDED_OTHER_GENE_FULL_CORE_WITHIN_TWO_SUBSTITUTIONS;RECORDED_GDF11_CANONICAL_SEED_SITE	UNASSESSED — excluded from accelerated scope	UNASSESSED — excluded from accelerated scope	6	6	2	6756	6427	1728	2	1	16312	14602	3523	0	0	12212	11230	2811	2	0	28425	6350	10	10	7	4265	4166	906	0	0	6500	6105	1505	1	0	19027	16678	3517	0	0	24785	5014
c88a0d5e0aafb4237147041372332538f699bb24	5a4237b0db502f3e8f0cb7f383155d0cd14fc0bf	0fdd79e05904dacec4c9ebf254f03f313d7bbe8b408905030c4a4be79508de50	c4ee301a2774857a63b158e23aa14ea9d68bfad532d6429e2d05e91908c29427	False	Retrospective development preference; not an efficacy, safety or delivery prediction.	MSTN_ENST00000260950.5_0000339_0000358	ENST00000260950.5	339	358	AUCUUUGCUGAUGUUAGGAUU	UCCUAACAUCAGCAAAGAUUU	False	63448	RECORDED_OTHER_GENE_FULL_CORE_WITHIN_TWO_SUBSTITUTIONS;RECORDED_GDF11_CANONICAL_SEED_SITE	UNASSESSED — excluded from accelerated scope	UNASSESSED — excluded from accelerated scope	10	10	6	6127	5843	1620	0	0	12841	11783	2886	4	1	26339	22310	4997	1	0	34881	7324	6	6	5	4319	4146	1001	0	0	7376	7030	1611	1	0	6446	6146	1405	1	0	16163	3518
c88a0d5e0aafb4237147041372332538f699bb24	5a4237b0db502f3e8f0cb7f383155d0cd14fc0bf	0fdd79e05904dacec4c9ebf254f03f313d7bbe8b408905030c4a4be79508de50	c4ee301a2774857a63b158e23aa14ea9d68bfad532d6429e2d05e91908c29427	False	Retrospective development preference; not an efficacy, safety or delivery prediction.	MSTN_ENST00000260950.5_0000340_0000359	ENST00000260950.5	340	359	CAUCUUUGCUGAUGUUAGGUU	CCUAACAUCAGCAAAGAUGUU	False	69211	RECORDED_OTHER_GENE_FULL_CORE_WITHIN_TWO_SUBSTITUTIONS;RECORDED_GDF11_CANONICAL_SEED_SITE	UNASSESSED — excluded from accelerated scope	UNASSESSED — excluded from accelerated scope	7	7	4	4770	4580	1152	0	0	15670	14162	3354	1	1	21472	18340	4023	0	2	32363	6573	4	4	3	4343	4203	974	0	0	10307	9548	2190	0	0	12649	11633	2477	0	0	22973	4675
c88a0d5e0aafb4237147041372332538f699bb24	5a4237b0db502f3e8f0cb7f383155d0cd14fc0bf	0fdd79e05904dacec4c9ebf254f03f313d7bbe8b408905030c4a4be79508de50	c4ee301a2774857a63b158e23aa14ea9d68bfad532d6429e2d05e91908c29427	False	Retrospective development preference; not an efficacy, safety or delivery prediction.	MSTN_ENST00000260950.5_0000386_0000405	ENST00000260950.5	386	405	AUCAGUUCCCGGAGUGGAGUU	CUCCACUCCGGGAACUGAUUU	False	76314	RECORDED_OTHER_GENE_FULL_CORE_WITHIN_TWO_SUBSTITUTIONS;RECORDED_GDF11_CANONICAL_SEED_SITE	UNASSESSED — excluded from accelerated scope	UNASSESSED — excluded from accelerated scope	0	0	0	6501	6153	1533	0	0	10727	9932	2447	1	0	23595	20269	4276	1	0	32512	6591	2	2	2	5050	4905	1220	1	0	11904	10884	2512	0	1	18537	16696	3943	0	0	29476	6303
c88a0d5e0aafb4237147041372332538f699bb24	5a4237b0db502f3e8f0cb7f383155d0cd14fc0bf	0fdd79e05904dacec4c9ebf254f03f313d7bbe8b408905030c4a4be79508de50	c4ee301a2774857a63b158e23aa14ea9d68bfad532d6429e2d05e91908c29427	False	Retrospective development preference; not an efficacy, safety or delivery prediction.	MSTN_ENST00000260950.5_0000418_0000437	ENST00000260950.5	418	437	UGCUGUCAUCCCUCUGGACUU	GUCCAGAGGGAUGACAGCAUU	False	80970	RECORDED_OTHER_GENE_FULL_CORE_WITHIN_TWO_SUBSTITUTIONS;RECORDED_GDF11_CANONICAL_SEED_SITE	UNASSESSED — excluded from accelerated scope	UNASSESSED — excluded from accelerated scope	19	19	5	5192	5029	1353	1	0	12170	11270	2481	1	0	12901	11955	2865	0	0	25379	5501	2	2	1	8212	7772	1908	1	0	20739	18818	3986	1	0	21756	19308	4469	4	0	40544	8045
c88a0d5e0aafb4237147041372332538f699bb24	5a4237b0db502f3e8f0cb7f383155d0cd14fc0bf	0fdd79e05904dacec4c9ebf254f03f313d7bbe8b408905030c4a4be79508de50	c4ee301a2774857a63b158e23aa14ea9d68bfad532d6429e2d05e91908c29427	False	Retrospective development preference; not an efficacy, safety or delivery prediction.	MSTN_ENST00000260950.5_0000419_0000438	ENST00000260950.5	419	438	CUGCUGUCAUCCCUCUGGAUU	UCCAGAGGGAUGACAGCAGUU	False	89063	RECORDED_OTHER_GENE_FULL_CORE_WITHIN_TWO_SUBSTITUTIONS;RECORDED_GDF11_CANONICAL_SEED_SITE	UNASSESSED — excluded from accelerated scope	UNASSESSED — excluded from accelerated scope	11	11	5	4355	4182	1069	0	0	13738	12533	3089	1	0	17203	15282	3632	4	0	29013	6341	27	27	6	7926	7672	1652	2	0	24816	21009	4179	0	0	21025	18822	4179	0	0	41039	7808
c88a0d5e0aafb4237147041372332538f699bb24	5a4237b0db502f3e8f0cb7f383155d0cd14fc0bf	0fdd79e05904dacec4c9ebf254f03f313d7bbe8b408905030c4a4be79508de50	c4ee301a2774857a63b158e23aa14ea9d68bfad532d6429e2d05e91908c29427	False	Retrospective development preference; not an efficacy, safety or delivery prediction.	MSTN_ENST00000260950.5_0000439_0000458	ENST00000260950.5	439	458	CAUCUUCCAAAGAGCCAUCUU	GAUGGCUCUUUGGAAGAUGUU	False	59251	RECORDED_OTHER_GENE_FULL_CORE_WITHIN_TWO_SUBSTITUTIONS;RECORDED_GDF11_CANONICAL_SEED_SITE	UNASSESSED — excluded from accelerated scope	UNASSESSED — excluded from accelerated scope	72	72	5	4695	4526	1069	0	1	16246	14532	3588	2	1	13187	11883	2850	0	0	27956	6098	81	81	3	2255	2230	570	0	0	12352	11594	2818	0	0	10516	9806	2275	0	0	22044	4907
c88a0d5e0aafb4237147041372332538f699bb24	5a4237b0db502f3e8f0cb7f383155d0cd14fc0bf	0fdd79e05904dacec4c9ebf254f03f313d7bbe8b408905030c4a4be79508de50	c4ee301a2774857a63b158e23aa14ea9d68bfad532d6429e2d05e91908c29427	False	Retrospective development preference; not an efficacy, safety or delivery prediction.	MSTN_ENST00000260950.5_0000440_0000459	ENST00000260950.5	440	459	UCAUCUUCCAAAGAGCCAUUU	AUGGCUCUUUGGAAGAUGAUU	False	85484	RECORDED_OTHER_GENE_FULL_CORE_WITHIN_TWO_SUBSTITUTIONS;RECORDED_GDF11_CANONICAL_SEED_SITE	UNASSESSED — excluded from accelerated scope	UNASSESSED — excluded from accelerated scope	72	72	7	9508	8535	2230	0	0	19006	16807	4013	1	1	20540	18355	4100	2	0	37972	7731	1	1	1	4747	4627	1252	0	0	19617	17248	3969	2	0	12066	11125	2896	2	0	29609	6617
c88a0d5e0aafb4237147041372332538f699bb24	5a4237b0db502f3e8f0cb7f383155d0cd14fc0bf	0fdd79e05904dacec4c9ebf254f03f313d7bbe8b408905030c4a4be79508de50	c4ee301a2774857a63b158e23aa14ea9d68bfad532d6429e2d05e91908c29427	False	Retrospective development preference; not an efficacy, safety or delivery prediction.	MSTN_ENST00000260950.5_0000441_0000460	ENST00000260950.5	441	460	GUCAUCUUCCAAAGAGCCAUU	UGGCUCUUUGGAAGAUGACUU	False	82598	RECORDED_OTHER_GENE_FULL_CORE_WITHIN_TWO_SUBSTITUTIONS;RECORDED_GDF11_CANONICAL_SEED_SITE	UNASSESSED — excluded from accelerated scope	UNASSESSED — excluded from accelerated scope	82	82	9	11075	10157	2413	0	0	18973	16899	3953	2	0	18086	16119	3848	2	2	36767	7490	2	2	2	6067	5822	1496	0	0	10100	9558	2345	1	0	18297	16262	3780	2	0	28430	6263
c88a0d5e0aafb4237147041372332538f699bb24	5a4237b0db502f3e8f0cb7f383155d0cd14fc0bf	0fdd79e05904dacec4c9ebf254f03f313d7bbe8b408905030c4a4be79508de50	c4ee301a2774857a63b158e23aa14ea9d68bfad532d6429e2d05e91908c29427	False	Retrospective development preference; not an efficacy, safety or delivery prediction.	MSTN_ENST00000260950.5_0000442_0000461	ENST00000260950.5	442	461	CGUCAUCUUCCAAAGAGCCUU	GGCUCUUUGGAAGAUGACGUU	False	60868	RECORDED_OTHER_GENE_FULL_CORE_WITHIN_TWO_SUBSTITUTIONS;RECORDED_GDF11_CANONICAL_SEED_SITE	UNASSESSED — excluded from accelerated scope	UNASSESSED — excluded from accelerated scope	20	20	5	5667	5425	1414	0	0	9895	9345	2406	1	0	10254	9482	2518	0	1	22304	5296	15	15	1	7071	6776	1673	1	0	12290	11422	2745	1	0	15691	14314	3387	1	1	29027	6253
c88a0d5e0aafb4237147041372332538f699bb24	5a4237b0db502f3e8f0cb7f383155d0cd14fc0bf	0fdd79e05904dacec4c9ebf254f03f313d7bbe8b408905030c4a4be79508de50	c4ee301a2774857a63b158e23aa14ea9d68bfad532d6429e2d05e91908c29427	False	Retrospective development preference; not an efficacy, safety or delivery prediction.	MSTN_ENST00000260950.5_0000443_0000462	ENST00000260950.5	443	462	UCGUCAUCUUCCAAAGAGCUU	GCUCUUUGGAAGAUGACGAUU	False	57813	RECORDED_OTHER_GENE_FULL_CORE_WITHIN_TWO_SUBSTITUTIONS;RECORDED_GDF11_CANONICAL_SEED_SITE	UNASSESSED — excluded from accelerated scope	UNASSESSED — excluded from accelerated scope	27	27	9	749	718	285	0	0	2310	2231	659	0	0	1940	1903	519	0	0	4732	1382	0	0	0	7766	7292	1820	1	0	14538	13442	3163	4	0	30510	24990	5555	5	3	39524	8001
c88a0d5e0aafb4237147041372332538f699bb24	5a4237b0db502f3e8f0cb7f383155d0cd14fc0bf	0fdd79e05904dacec4c9ebf254f03f313d7bbe8b408905030c4a4be79508de50	c4ee301a2774857a63b158e23aa14ea9d68bfad532d6429e2d05e91908c29427	False	Retrospective development preference; not an efficacy, safety or delivery prediction.	MSTN_ENST00000260950.5_0000444_0000463	ENST00000260950.5	444	463	AUCGUCAUCUUCCAAAGAGUU	CUCUUUGGAAGAUGACGAUUU	False	54436	RECORDED_OTHER_GENE_FULL_CORE_WITHIN_TWO_SUBSTITUTIONS;RECORDED_GDF11_CANONICAL_SEED_SITE	UNASSESSED — excluded from accelerated scope	UNASSESSED — excluded from accelerated scope	5	5	3	682	677	202	0	0	2007	1930	593	0	0	1588	1577	496	0	0	4111	1230	1	1	1	8170	7698	1826	0	0	17693	16038	3530	3	1	24296	20557	4818	1	0	38032	7721
c88a0d5e0aafb4237147041372332538f699bb24	5a4237b0db502f3e8f0cb7f383155d0cd14fc0bf	0fdd79e05904dacec4c9ebf254f03f313d7bbe8b408905030c4a4be79508de50	c4ee301a2774857a63b158e23aa14ea9d68bfad532d6429e2d05e91908c29427	False	Retrospective development preference; not an efficacy, safety or delivery prediction.	MSTN_ENST00000260950.5_0000445_0000464	ENST00000260950.5	445	464	AAUCGUCAUCUUCCAAAGAUU	UCUUUGGAAGAUGACGAUUUU	False	45893	RECORDED_OTHER_GENE_FULL_CORE_WITHIN_TWO_SUBSTITUTIONS;RECORDED_GDF11_CANONICAL_SEED_SITE	UNASSESSED — excluded from accelerated scope	UNASSESSED — excluded from accelerated scope	11	11	3	484	484	105	0	0	1983	1963	518	0	0	746	745	237	0	0	3178	842	12	12	1	6922	6508	1598	0	0	16817	15199	3521	2	1	18941	16970	3716	3	1	34176	6993
c88a0d5e0aafb4237147041372332538f699bb24	5a4237b0db502f3e8f0cb7f383155d0cd14fc0bf	0fdd79e05904dacec4c9ebf254f03f313d7bbe8b408905030c4a4be79508de50	c4ee301a2774857a63b158e23aa14ea9d68bfad532d6429e2d05e91908c29427	False	Retrospective development preference; not an efficacy, safety or delivery prediction.	MSTN_ENST00000260950.5_0000446_0000465	ENST00000260950.5	446	465	UAAUCGUCAUCUUCCAAAGUU	CUUUGGAAGAUGACGAUUAUU	False	54188	RECORDED_OTHER_GENE_FULL_CORE_WITHIN_TWO_SUBSTITUTIONS;RECORDED_GDF11_CANONICAL_SEED_SITE	UNASSESSED — excluded from accelerated scope	UNASSESSED — excluded from accelerated scope	31	31	8	308	308	96	0	0	1724	1662	375	0	0	1384	1378	356	0	0	3316	804	13	13	2	10551	9742	2312	1	1	24373	21205	4773	0	1	15848	14179	3361	2	0	38319	7807
c88a0d5e0aafb4237147041372332538f699bb24	5a4237b0db502f3e8f0cb7f383155d0cd14fc0bf	0fdd79e05904dacec4c9ebf254f03f313d7bbe8b408905030c4a4be79508de50	c4ee301a2774857a63b158e23aa14ea9d68bfad532d6429e2d05e91908c29427	False	Retrospective development preference; not an efficacy, safety or delivery prediction.	MSTN_ENST00000260950.5_0000447_0000466	ENST00000260950.5	447	466	AUAAUCGUCAUCUUCCAAAUU	UUUGGAAGAUGACGAUUAUUU	False	52163	RECORDED_OTHER_GENE_FULL_CORE_WITHIN_TWO_SUBSTITUTIONS;RECORDED_GDF11_CANONICAL_SEED_SITE	UNASSESSED — excluded from accelerated scope	UNASSESSED — excluded from accelerated scope	26	26	6	569	569	116	0	0	1123	1119	337	0	0	991	985	256	0	0	2658	692	13	13	2	8436	7956	2005	1	0	14556	13293	2923	0	0	26488	22433	4921	0	2	37675	7695
c88a0d5e0aafb4237147041372332538f699bb24	5a4237b0db502f3e8f0cb7f383155d0cd14fc0bf	0fdd79e05904dacec4c9ebf254f03f313d7bbe8b408905030c4a4be79508de50	c4ee301a2774857a63b158e23aa14ea9d68bfad532d6429e2d05e91908c29427	False	Retrospective development preference; not an efficacy, safety or delivery prediction.	MSTN_ENST00000260950.5_0000448_0000467	ENST00000260950.5	448	467	GAUAAUCGUCAUCUUCCAAUU	UUGGAAGAUGACGAUUAUCUU	False	62716	RECORDED_OTHER_GENE_FULL_CORE_WITHIN_TWO_SUBSTITUTIONS;RECORDED_GDF11_CANONICAL_SEED_SITE	UNASSESSED — excluded from accelerated scope	UNASSESSED — excluded from accelerated scope	17	17	4	350	349	123	0	0	1438	1429	392	0	0	15049	13277	3125	0	0	14752	3483	1	1	1	7480	7189	1558	0	0	22887	20121	4358	1	0	15512	14009	3308	1	0	36053	7321
c88a0d5e0aafb4237147041372332538f699bb24	5a4237b0db502f3e8f0cb7f383155d0cd14fc0bf	0fdd79e05904dacec4c9ebf254f03f313d7bbe8b408905030c4a4be79508de50	c4ee301a2774857a63b158e23aa14ea9d68bfad532d6429e2d05e91908c29427	False	Retrospective development preference; not an efficacy, safety or delivery prediction.	MSTN_ENST00000260950.5_0000449_0000468	ENST00000260950.5	449	468	UGAUAAUCGUCAUCUUCCAUU	UGGAAGAUGACGAUUAUCAUU	False	64090	RECORDED_OTHER_GENE_FULL_CORE_WITHIN_TWO_SUBSTITUTIONS;RECORDED_GDF11_CANONICAL_SEED_SITE	UNASSESSED — excluded from accelerated scope	UNASSESSED — excluded from accelerated scope	3	3	2	2383	2339	634	0	0	5351	5137	1242	1	0	12706	11424	2713	1	1	17563	3970	13	13	3	5982	5709	1335	0	0	13283	12321	2938	2	0	24385	21200	4535	1	0	35224	7046
c88a0d5e0aafb4237147041372332538f699bb24	5a4237b0db502f3e8f0cb7f383155d0cd14fc0bf	0fdd79e05904dacec4c9ebf254f03f313d7bbe8b408905030c4a4be79508de50	c4ee301a2774857a63b158e23aa14ea9d68bfad532d6429e2d05e91908c29427	False	Retrospective development preference; not an efficacy, safety or delivery prediction.	MSTN_ENST00000260950.5_0000450_0000469	ENST00000260950.5	450	469	GUGAUAAUCGUCAUCUUCCUU	GGAAGAUGACGAUUAUCACUU	False	66896	RECORDED_OTHER_GENE_FULL_CORE_WITHIN_TWO_SUBSTITUTIONS;RECORDED_GDF11_CANONICAL_SEED_SITE	UNASSESSED — excluded from accelerated scope	UNASSESSED — excluded from accelerated scope	3	3	2	4414	4244	1048	0	0	10675	9595	2397	1	1	13631	12322	2702	0	1	23463	4970	1	1	1	7402	7014	1766	0	1	15941	14592	3435	0	1	14833	13410	3098	3	0	31033	6662
c88a0d5e0aafb4237147041372332538f699bb24	5a4237b0db502f3e8f0cb7f383155d0cd14fc0bf	0fdd79e05904dacec4c9ebf254f03f313d7bbe8b408905030c4a4be79508de50	c4ee301a2774857a63b158e23aa14ea9d68bfad532d6429e2d05e91908c29427	False	Retrospective development preference; not an efficacy, safety or delivery prediction.	MSTN_ENST00000260950.5_0000451_0000470	ENST00000260950.5	451	470	CGUGAUAAUCGUCAUCUUCUU	GAAGAUGACGAUUAUCACGUU	False	59541	RECORDED_GDF11_CANONICAL_SEED_SITE	UNASSESSED — excluded from accelerated scope	UNASSESSED — excluded from accelerated scope	0	0	0	4020	3953	973	0	0	7241	6886	1660	0	0	8427	7816	1976	1	0	17244	3902	0	0	0	5151	4937	1170	0	0	23103	20086	4405	0	1	11599	10715	2494	1	0	31829	6607
c88a0d5e0aafb4237147041372332538f699bb24	5a4237b0db502f3e8f0cb7f383155d0cd14fc0bf	0fdd79e05904dacec4c9ebf254f03f313d7bbe8b408905030c4a4be79508de50	c4ee301a2774857a63b158e23aa14ea9d68bfad532d6429e2d05e91908c29427	False	Retrospective development preference; not an efficacy, safety or delivery prediction.	MSTN_ENST00000260950.5_0000452_0000471	ENST00000260950.5	452	471	GCGUGAUAAUCGUCAUCUUUU	AAGAUGACGAUUAUCACGCUU	False	32081	RECORDED_OTHER_GENE_FULL_CORE_WITHIN_TWO_SUBSTITUTIONS	UNASSESSED — excluded from accelerated scope	UNASSESSED — excluded from accelerated scope	0	0	0	306	306	104	0	0	1780	1725	350	0	0	3780	3666	1109	0	0	5568	1502	1	1	1	2460	2417	665	0	0	13254	12121	2905	0	0	10501	9730	2492	0	0	22411	5157
c88a0d5e0aafb4237147041372332538f699bb24	5a4237b0db502f3e8f0cb7f383155d0cd14fc0bf	0fdd79e05904dacec4c9ebf254f03f313d7bbe8b408905030c4a4be79508de50	c4ee301a2774857a63b158e23aa14ea9d68bfad532d6429e2d05e91908c29427	False	Retrospective development preference; not an efficacy, safety or delivery prediction.	MSTN_ENST00000260950.5_0000453_0000472	ENST00000260950.5	453	472	AGCGUGAUAAUCGUCAUCUUU	AGAUGACGAUUAUCACGCUUU	False	21525	RECORDED_OTHER_GENE_FULL_CORE_WITHIN_TWO_SUBSTITUTIONS	UNASSESSED — excluded from accelerated scope	UNASSESSED — excluded from accelerated scope	0	0	0	712	711	186	0	0	2425	2362	780	0	0	3059	2913	694	0	0	5879	1585	1	1	1	819	811	310	0	0	2286	2225	682	0	0	12224	11288	2894	0	1	13878	3617
c88a0d5e0aafb4237147041372332538f699bb24	5a4237b0db502f3e8f0cb7f383155d0cd14fc0bf	0fdd79e05904dacec4c9ebf254f03f313d7bbe8b408905030c4a4be79508de50	c4ee301a2774857a63b158e23aa14ea9d68bfad532d6429e2d05e91908c29427	False	Retrospective development preference; not an efficacy, safety or delivery prediction.	MSTN_ENST00000260950.5_0000454_0000473	ENST00000260950.5	454	473	UAGCGUGAUAAUCGUCAUCUU	GAUGACGAUUAUCACGCUAUU	False	9041	RECORDED_OTHER_GENE_FULL_CORE_WITHIN_TWO_SUBSTITUTIONS	UNASSESSED — excluded from accelerated scope	UNASSESSED — excluded from accelerated scope	0	0	0	352	352	120	0	0	3490	3377	846	0	0	1168	1162	302	0	0	4816	1227	1	1	1	462	462	111	0	0	2676	2630	730	0	0	893	888	273	0	0	3939	1081
c88a0d5e0aafb4237147041372332538f699bb24	5a4237b0db502f3e8f0cb7f383155d0cd14fc0bf	0fdd79e05904dacec4c9ebf254f03f313d7bbe8b408905030c4a4be79508de50	c4ee301a2774857a63b158e23aa14ea9d68bfad532d6429e2d05e91908c29427	False	Retrospective development preference; not an efficacy, safety or delivery prediction.	MSTN_ENST00000260950.5_0000455_0000474	ENST00000260950.5	455	474	GUAGCGUGAUAAUCGUCAUUU	AUGACGAUUAUCACGCUACUU	True	6875		UNASSESSED — excluded from accelerated scope	UNASSESSED — excluded from accelerated scope	0	0	0	218	218	81	0	0	1302	1292	340	0	0	1191	1151	281	0	0	2621	691	0	0	0	501	497	160	0	0	2256	2223	551	0	0	1407	1396	377	0	0	4057	1050
c88a0d5e0aafb4237147041372332538f699bb24	5a4237b0db502f3e8f0cb7f383155d0cd14fc0bf	0fdd79e05904dacec4c9ebf254f03f313d7bbe8b408905030c4a4be79508de50	c4ee301a2774857a63b158e23aa14ea9d68bfad532d6429e2d05e91908c29427	False	Retrospective development preference; not an efficacy, safety or delivery prediction.	MSTN_ENST00000260950.5_0000475_0000494	ENST00000260950.5	475	494	UGGUAAUGAUUGUUUCCGUUU	ACGGAAACAAUCAUUACCAUU	False	23590	RECORDED_OTHER_GENE_FULL_CORE_WITHIN_TWO_SUBSTITUTIONS;RECORDED_GDF11_CANONICAL_SEED_SITE	UNASSESSED — excluded from accelerated scope	UNASSESSED — excluded from accelerated scope	1	1	1	3422	3325	780	0	0	5337	5136	1342	0	0	9481	8806	2159	2	0	16183	3730	1	1	1	604	604	152	0	0	2104	2074	534	0	0	2642	2554	632	0	0	5089	1262
c88a0d5e0aafb4237147041372332538f699bb24	5a4237b0db502f3e8f0cb7f383155d0cd14fc0bf	0fdd79e05904dacec4c9ebf254f03f313d7bbe8b408905030c4a4be79508de50	c4ee301a2774857a63b158e23aa14ea9d68bfad532d6429e2d05e91908c29427	False	Retrospective development preference; not an efficacy, safety or delivery prediction.	MSTN_ENST00000260950.5_0000476_0000495	ENST00000260950.5	476	495	AUGGUAAUGAUUGUUUCCGUU	CGGAAACAAUCAUUACCAUUU	False	70097	RECORDED_OTHER_GENE_FULL_CORE_WITHIN_TWO_SUBSTITUTIONS;RECORDED_GDF11_CANONICAL_SEED_SITE	UNASSESSED — excluded from accelerated scope	UNASSESSED — excluded from accelerated scope	12	12	2	4307	4246	936	1	0	8596	7989	2011	1	0	12819	11939	2599	0	1	21962	4636	0	0	0	9301	8837	2080	0	0	22025	19635	4128	1	0	13049	12050	2836	0	0	35934	7105
c88a0d5e0aafb4237147041372332538f699bb24	5a4237b0db502f3e8f0cb7f383155d0cd14fc0bf	0fdd79e05904dacec4c9ebf254f03f313d7bbe8b408905030c4a4be79508de50	c4ee301a2774857a63b158e23aa14ea9d68bfad532d6429e2d05e91908c29427	False	Retrospective development preference; not an efficacy, safety or delivery prediction.	MSTN_ENST00000260950.5_0000477_0000496	ENST00000260950.5	477	496	CAUGGUAAUGAUUGUUUCCUU	GGAAACAAUCAUUACCAUGUU	False	84056	RECORDED_OTHER_GENE_FULL_CORE_WITHIN_TWO_SUBSTITUTIONS;RECORDED_GDF11_CANONICAL_SEED_SITE	UNASSESSED — excluded from accelerated scope	UNASSESSED — excluded from accelerated scope	0	0	0	3763	3595	776	0	0	12297	11272	2595	1	1	6956	6571	1526	0	0	19409	4132	1	1	1	10489	9898	2044	0	0	27447	23712	4540	1	1	23104	20164	4143	0	0	44975	7888
c88a0d5e0aafb4237147041372332538f699bb24	5a4237b0db502f3e8f0cb7f383155d0cd14fc0bf	0fdd79e05904dacec4c9ebf254f03f313d7bbe8b408905030c4a4be79508de50	c4ee301a2774857a63b158e23aa14ea9d68bfad532d6429e2d05e91908c29427	False	Retrospective development preference; not an efficacy, safety or delivery prediction.	MSTN_ENST00000260950.5_0000478_0000497	ENST00000260950.5	478	497	GCAUGGUAAUGAUUGUUUCUU	GAAACAAUCAUUACCAUGCUU	False	95398	RECORDED_OTHER_GENE_FULL_CORE_WITHIN_TWO_SUBSTITUTIONS	UNASSESSED — excluded from accelerated scope	UNASSESSED — excluded from accelerated scope	5	5	1	3214	3145	769	0	0	8952	8358	2101	0	1	10963	10268	2608	0	0	20247	4661	1	1	1	9234	8424	1803	0	0	33494	26962	5161	0	0	29541	24610	4629	0	1	48167	8215
c88a0d5e0aafb4237147041372332538f699bb24	5a4237b0db502f3e8f0cb7f383155d0cd14fc0bf	0fdd79e05904dacec4c9ebf254f03f313d7bbe8b408905030c4a4be79508de50	c4ee301a2774857a63b158e23aa14ea9d68bfad532d6429e2d05e91908c29427	False	Retrospective development preference; not an efficacy, safety or delivery prediction.	MSTN_ENST00000260950.5_0000479_0000498	ENST00000260950.5	479	498	GGCAUGGUAAUGAUUGUUUUU	AAACAAUCAUUACCAUGCCUU	False	63176	RECORDED_OTHER_GENE_FULL_CORE_WITHIN_TWO_SUBSTITUTIONS;RECORDED_GDF11_CANONICAL_SEED_SITE	UNASSESSED — excluded from accelerated scope	UNASSESSED — excluded from accelerated scope	8	8	2	3686	3602	797	0	0	12854	11272	3103	1	0	11764	10968	2449	0	0	23917	5451	9	9	5	3155	3105	702	0	0	12713	11684	2545	0	0	19004	16358	3388	0	0	27726	5379
c88a0d5e0aafb4237147041372332538f699bb24	5a4237b0db502f3e8f0cb7f383155d0cd14fc0bf	0fdd79e05904dacec4c9ebf254f03f313d7bbe8b408905030c4a4be79508de50	c4ee301a2774857a63b158e23aa14ea9d68bfad532d6429e2d05e91908c29427	False	Retrospective development preference; not an efficacy, safety or delivery prediction.	MSTN_ENST00000260950.5_0000480_0000499	ENST00000260950.5	480	499	AGGCAUGGUAAUGAUUGUUUU	AACAAUCAUUACCAUGCCUUU	False	64863	RECORDED_OTHER_GENE_FULL_CORE_WITHIN_TWO_SUBSTITUTIONS	UNASSESSED — excluded from accelerated scope	UNASSESSED — excluded from accelerated scope	8	8	2	5293	5078	1145	0	0	18643	16266	3865	0	0	12969	11934	3047	0	0	29715	6470	2	2	2	5353	5143	1120	0	0	14809	13512	2964	0	0	7796	7461	1624	0	0	23781	4800
c88a0d5e0aafb4237147041372332538f699bb24	5a4237b0db502f3e8f0cb7f383155d0cd14fc0bf	0fdd79e05904dacec4c9ebf254f03f313d7bbe8b408905030c4a4be79508de50	c4ee301a2774857a63b158e23aa14ea9d68bfad532d6429e2d05e91908c29427	False	Retrospective development preference; not an efficacy, safety or delivery prediction.	MSTN_ENST00000260950.5_0000481_0000500	ENST00000260950.5	481	500	UAGGCAUGGUAAUGAUUGUUU	ACAAUCAUUACCAUGCCUAUU	False	62446	RECORDED_OTHER_GENE_FULL_CORE_WITHIN_TWO_SUBSTITUTIONS	UNASSESSED — excluded from accelerated scope	UNASSESSED — excluded from accelerated scope	8	8	2	3205	3111	869	0	0	23520	20189	4786	0	0	7649	7211	1772	0	0	28270	6293	1	1	1	4348	4193	971	0	0	11271	10465	2441	0	0	12453	10824	2403	0	0	22996	4822
c88a0d5e0aafb4237147041372332538f699bb24	5a4237b0db502f3e8f0cb7f383155d0cd14fc0bf	0fdd79e05904dacec4c9ebf254f03f313d7bbe8b408905030c4a4be79508de50	c4ee301a2774857a63b158e23aa14ea9d68bfad532d6429e2d05e91908c29427	False	Retrospective development preference; not an efficacy, safety or delivery prediction.	MSTN_ENST00000260950.5_0000482_0000501	ENST00000260950.5	482	501	GUAGGCAUGGUAAUGAUUGUU	CAAUCAUUACCAUGCCUACUU	False	58649	RECORDED_OTHER_GENE_FULL_CORE_WITHIN_TWO_SUBSTITUTIONS;RECORDED_GDF11_CANONICAL_SEED_SITE	UNASSESSED — excluded from accelerated scope	UNASSESSED — excluded from accelerated scope	0	0	0	2548	2486	661	0	0	8306	7914	1976	0	0	9411	8838	1979	0	0	17977	4038	1	1	1	5904	5655	1261	1	1	20963	18247	3831	1	1	11517	10598	2324	0	0	30211	5832
c88a0d5e0aafb4237147041372332538f699bb24	5a4237b0db502f3e8f0cb7f383155d0cd14fc0bf	0fdd79e05904dacec4c9ebf254f03f313d7bbe8b408905030c4a4be79508de50	c4ee301a2774857a63b158e23aa14ea9d68bfad532d6429e2d05e91908c29427	False	Retrospective development preference; not an efficacy, safety or delivery prediction.	MSTN_ENST00000260950.5_0000483_0000502	ENST00000260950.5	483	502	UGUAGGCAUGGUAAUGAUUUU	AAUCAUUACCAUGCCUACAUU	False	50030	RECORDED_OTHER_GENE_FULL_CORE_WITHIN_TWO_SUBSTITUTIONS	UNASSESSED — excluded from accelerated scope	UNASSESSED — excluded from accelerated scope	3	3	2	3027	2973	861	0	0	7461	7167	1666	0	0	5696	5487	1433	0	0	14975	3541	1	1	1	4600	4412	1090	0	0	14738	13354	2906	0	0	14508	13015	3096	0	0	26964	5545
c88a0d5e0aafb4237147041372332538f699bb24	5a4237b0db502f3e8f0cb7f383155d0cd14fc0bf	0fdd79e05904dacec4c9ebf254f03f313d7bbe8b408905030c4a4be79508de50	c4ee301a2774857a63b158e23aa14ea9d68bfad532d6429e2d05e91908c29427	False	Retrospective development preference; not an efficacy, safety or delivery prediction.	MSTN_ENST00000260950.5_0000484_0000503	ENST00000260950.5	484	503	CUGUAGGCAUGGUAAUGAUUU	AUCAUUACCAUGCCUACAGUU	False	53372	RECORDED_OTHER_GENE_FULL_CORE_WITHIN_TWO_SUBSTITUTIONS	UNASSESSED — excluded from accelerated scope	UNASSESSED — excluded from accelerated scope	1	1	1	2049	2020	589	0	0	6674	6395	1698	0	0	8348	7743	2037	0	0	15418	3860	4	4	1	4673	4354	1069	0	0	8326	7880	1762	0	0	23302	19662	4225	0	0	28362	5721
c88a0d5e0aafb4237147041372332538f699bb24	5a4237b0db502f3e8f0cb7f383155d0cd14fc0bf	0fdd79e05904dacec4c9ebf254f03f313d7bbe8b408905030c4a4be79508de50	c4ee301a2774857a63b158e23aa14ea9d68bfad532d6429e2d05e91908c29427	False	Retrospective development preference; not an efficacy, safety or delivery prediction.	MSTN_ENST00000260950.5_0000485_0000504	ENST00000260950.5	485	504	UCUGUAGGCAUGGUAAUGAUU	UCAUUACCAUGCCUACAGAUU	False	45294	RECORDED_OTHER_GENE_FULL_CORE_WITHIN_TWO_SUBSTITUTIONS;RECORDED_GDF11_CANONICAL_SEED_SITE	UNASSESSED — excluded from accelerated scope	UNASSESSED — excluded from accelerated scope	3	3	3	4104	4035	961	0	0	8993	8581	2199	0	0	13093	12031	2916	1	0	22633	5164	4	4	1	2776	2741	606	0	0	6105	5865	1392	0	0	10223	9164	2108	0	0	16450	3578
c88a0d5e0aafb4237147041372332538f699bb24	5a4237b0db502f3e8f0cb7f383155d0cd14fc0bf	0fdd79e05904dacec4c9ebf254f03f313d7bbe8b408905030c4a4be79508de50	c4ee301a2774857a63b158e23aa14ea9d68bfad532d6429e2d05e91908c29427	False	Retrospective development preference; not an efficacy, safety or delivery prediction.	MSTN_ENST00000260950.5_0000486_0000505	ENST00000260950.5	486	505	CUCUGUAGGCAUGGUAAUGUU	CAUUACCAUGCCUACAGAGUU	False	58959	RECORDED_OTHER_GENE_FULL_CORE_WITHIN_TWO_SUBSTITUTIONS;RECORDED_GDF11_CANONICAL_SEED_SITE	UNASSESSED — excluded from accelerated scope	UNASSESSED — excluded from accelerated scope	8	5	4	6039	5837	1450	0	0	11158	10390	2506	1	0	21452	18504	3933	0	0	30957	6330	6	5	2	4406	4210	901	0	0	10622	9646	2129	0	1	5282	5132	1208	0	0	17432	3647
c88a0d5e0aafb4237147041372332538f699bb24	5a4237b0db502f3e8f0cb7f383155d0cd14fc0bf	0fdd79e05904dacec4c9ebf254f03f313d7bbe8b408905030c4a4be79508de50	c4ee301a2774857a63b158e23aa14ea9d68bfad532d6429e2d05e91908c29427	False	Retrospective development preference; not an efficacy, safety or delivery prediction.	MSTN_ENST00000260950.5_0000487_0000506	ENST00000260950.5	487	506	ACUCUGUAGGCAUGGUAAUUU	AUUACCAUGCCUACAGAGUUU	False	66388	RECORDED_OTHER_GENE_FULL_CORE_WITHIN_TWO_SUBSTITUTIONS;RECORDED_GDF11_CANONICAL_SEED_SITE	UNASSESSED — excluded from accelerated scope	UNASSESSED — excluded from accelerated scope	5	2	2	5971	5701	1391	0	0	10683	9916	2476	0	0	21735	18624	4474	2	1	30765	6719	6	5	2	5164	4977	1297	0	0	9235	8606	1919	1	0	13600	12479	2839	0	1	23215	4917
c88a0d5e0aafb4237147041372332538f699bb24	5a4237b0db502f3e8f0cb7f383155d0cd14fc0bf	0fdd79e05904dacec4c9ebf254f03f313d7bbe8b408905030c4a4be79508de50	c4ee301a2774857a63b158e23aa14ea9d68bfad532d6429e2d05e91908c29427	False	Retrospective development preference; not an efficacy, safety or delivery prediction.	MSTN_ENST00000260950.5_0000488_0000507	ENST00000260950.5	488	507	GACUCUGUAGGCAUGGUAAUU	UUACCAUGCCUACAGAGUCUU	False	55499	RECORDED_OTHER_GENE_FULL_CORE_WITHIN_TWO_SUBSTITUTIONS;RECORDED_GDF11_CANONICAL_SEED_SITE	UNASSESSED — excluded from accelerated scope	UNASSESSED — excluded from accelerated scope	0	0	0	3661	3575	940	0	0	18354	16254	4037	2	0	10548	9878	2236	4	0	27073	5973	1	1	1	3544	3470	850	0	0	8537	8086	1898	0	0	10855	9993	2297	1	0	19881	4283
c88a0d5e0aafb4237147041372332538f699bb24	5a4237b0db502f3e8f0cb7f383155d0cd14fc0bf	0fdd79e05904dacec4c9ebf254f03f313d7bbe8b408905030c4a4be79508de50	c4ee301a2774857a63b158e23aa14ea9d68bfad532d6429e2d05e91908c29427	False	Retrospective development preference; not an efficacy, safety or delivery prediction.	MSTN_ENST00000260950.5_0000489_0000508	ENST00000260950.5	489	508	AGACUCUGUAGGCAUGGUAUU	UACCAUGCCUACAGAGUCUUU	False	55787	RECORDED_OTHER_GENE_FULL_CORE_WITHIN_TWO_SUBSTITUTIONS;RECORDED_GDF11_CANONICAL_SEED_SITE	UNASSESSED — excluded from accelerated scope	UNASSESSED — excluded from accelerated scope	1	1	1	4764	4626	1217	0	0	14088	12899	3186	1	0	10135	9628	2332	0	0	24948	5618	5	5	2	2242	2209	597	0	0	14719	13236	3320	2	0	9839	9312	2115	0	0	22789	5134
c88a0d5e0aafb4237147041372332538f699bb24	5a4237b0db502f3e8f0cb7f383155d0cd14fc0bf	0fdd79e05904dacec4c9ebf254f03f313d7bbe8b408905030c4a4be79508de50	c4ee301a2774857a63b158e23aa14ea9d68bfad532d6429e2d05e91908c29427	False	Retrospective development preference; not an efficacy, safety or delivery prediction.	MSTN_ENST00000260950.5_0000490_0000509	ENST00000260950.5	490	509	CAGACUCUGUAGGCAUGGUUU	ACCAUGCCUACAGAGUCUGUU	False	54374	RECORDED_OTHER_GENE_FULL_CORE_WITHIN_TWO_SUBSTITUTIONS;RECORDED_GDF11_CANONICAL_SEED_SITE	UNASSESSED — excluded from accelerated scope	UNASSESSED — excluded from accelerated scope	0	0	0	2503	2461	654	0	0	15786	14430	3418	0	0	4640	4471	1101	0	0	20316	4627	7	7	3	4203	3994	1098	0	0	16756	14916	3697	2	0	10486	9990	2410	0	0	26412	6006
c88a0d5e0aafb4237147041372332538f699bb24	5a4237b0db502f3e8f0cb7f383155d0cd14fc0bf	0fdd79e05904dacec4c9ebf254f03f313d7bbe8b408905030c4a4be79508de50	c4ee301a2774857a63b158e23aa14ea9d68bfad532d6429e2d05e91908c29427	False	Retrospective development preference; not an efficacy, safety or delivery prediction.	MSTN_ENST00000260950.5_0000491_0000510	ENST00000260950.5	491	510	UCAGACUCUGUAGGCAUGGUU	CCAUGCCUACAGAGUCUGAUU	False	61429	RECORDED_OTHER_GENE_FULL_CORE_WITHIN_TWO_SUBSTITUTIONS;RECORDED_GDF11_CANONICAL_SEED_SITE	UNASSESSED — excluded from accelerated scope	UNASSESSED — excluded from accelerated scope	119	119	3	4450	4267	1086	0	0	12549	11696	2805	0	0	12405	11378	2582	1	0	25003	5496	46	46	4	7219	6669	2098	0	0	14965	13379	3470	1	1	9841	9190	2443	0	0	25607	6140
c88a0d5e0aafb4237147041372332538f699bb24	5a4237b0db502f3e8f0cb7f383155d0cd14fc0bf	0fdd79e05904dacec4c9ebf254f03f313d7bbe8b408905030c4a4be79508de50	c4ee301a2774857a63b158e23aa14ea9d68bfad532d6429e2d05e91908c29427	False	Retrospective development preference; not an efficacy, safety or delivery prediction.	MSTN_ENST00000260950.5_0000623_0000642	ENST00000260950.5	623	642	AACACUGUUGUAGGAGUCUUU	AGACUCCUACAACAGUGUUUU	False	60076	RECORDED_OTHER_GENE_FULL_CORE_WITHIN_TWO_SUBSTITUTIONS;RECORDED_GDF11_CANONICAL_SEED_SITE	UNASSESSED — excluded from accelerated scope	UNASSESSED — excluded from accelerated scope	12	12	1	4858	4675	1038	0	0	18453	16763	3665	0	1	12625	11733	2426	0	0	29804	5882	7	7	4	5104	4947	1114	1	0	9117	8522	2062	0	0	9919	9411	2197	0	0	20891	4610
c88a0d5e0aafb4237147041372332538f699bb24	5a4237b0db502f3e8f0cb7f383155d0cd14fc0bf	0fdd79e05904dacec4c9ebf254f03f313d7bbe8b408905030c4a4be79508de50	c4ee301a2774857a63b158e23aa14ea9d68bfad532d6429e2d05e91908c29427	False	Retrospective development preference; not an efficacy, safety or delivery prediction.	MSTN_ENST00000260950.5_0000624_0000643	ENST00000260950.5	624	643	AAACACUGUUGUAGGAGUCUU	GACUCCUACAACAGUGUUUUU	False	63781	RECORDED_OTHER_GENE_FULL_CORE_WITHIN_TWO_SUBSTITUTIONS;RECORDED_GDF11_CANONICAL_SEED_SITE	UNASSESSED — excluded from accelerated scope	UNASSESSED — excluded from accelerated scope	12	12	1	6334	5966	1276	0	0	25683	22480	4363	0	0	11677	10890	2224	1	1	35002	6309	4	4	1	1898	1877	491	0	0	9282	8678	1921	0	0	8907	8323	2152	1	0	17525	3995
c88a0d5e0aafb4237147041372332538f699bb24	5a4237b0db502f3e8f0cb7f383155d0cd14fc0bf	0fdd79e05904dacec4c9ebf254f03f313d7bbe8b408905030c4a4be79508de50	c4ee301a2774857a63b158e23aa14ea9d68bfad532d6429e2d05e91908c29427	False	Retrospective development preference; not an efficacy, safety or delivery prediction.	MSTN_ENST00000260950.5_0000625_0000644	ENST00000260950.5	625	644	CAAACACUGUUGUAGGAGUUU	ACUCCUACAACAGUGUUUGUU	False	73181	RECORDED_OTHER_GENE_FULL_CORE_WITHIN_TWO_SUBSTITUTIONS;RECORDED_GDF11_CANONICAL_SEED_SITE	UNASSESSED — excluded from accelerated scope	UNASSESSED — excluded from accelerated scope	20	20	5	7436	6996	1433	0	0	27651	23532	4684	1	0	15948	14436	2979	0	2	38563	6988	32	32	5	3149	3040	735	1	0	7399	6978	1606	0	0	11598	10851	2532	1	0	19512	4259
c88a0d5e0aafb4237147041372332538f699bb24	5a4237b0db502f3e8f0cb7f383155d0cd14fc0bf	0fdd79e05904dacec4c9ebf254f03f313d7bbe8b408905030c4a4be79508de50	c4ee301a2774857a63b158e23aa14ea9d68bfad532d6429e2d05e91908c29427	False	Retrospective development preference; not an efficacy, safety or delivery prediction.	MSTN_ENST00000260950.5_0000626_0000645	ENST00000260950.5	626	645	ACAAACACUGUUGUAGGAGUU	CUCCUACAACAGUGUUUGUUU	False	74508	RECORDED_OTHER_GENE_FULL_CORE_WITHIN_TWO_SUBSTITUTIONS;RECORDED_GDF11_CANONICAL_SEED_SITE	UNASSESSED — excluded from accelerated scope	UNASSESSED — excluded from accelerated scope	38	38	6	6790	6433	1486	1	1	23364	20518	4092	0	1	22885	19615	4180	0	0	39801	7540	32	32	5	4941	4839	1115	0	0	7710	7353	1743	0	0	8818	8432	1886	0	0	18826	4064
c88a0d5e0aafb4237147041372332538f699bb24	5a4237b0db502f3e8f0cb7f383155d0cd14fc0bf	0fdd79e05904dacec4c9ebf254f03f313d7bbe8b408905030c4a4be79508de50	c4ee301a2774857a63b158e23aa14ea9d68bfad532d6429e2d05e91908c29427	False	Retrospective development preference; not an efficacy, safety or delivery prediction.	MSTN_ENST00000260950.5_0000627_0000646	ENST00000260950.5	627	646	CACAAACACUGUUGUAGGAUU	UCCUACAACAGUGUUUGUGUU	False	82838	RECORDED_OTHER_GENE_FULL_CORE_WITHIN_TWO_SUBSTITUTIONS	UNASSESSED — excluded from accelerated scope	UNASSESSED — excluded from accelerated scope	30	30	4	11161	10274	1938	0	0	38579	28815	5456	0	5	12457	11504	2257	0	0	43092	7416	4	4	4	3569	3491	852	0	0	7990	7620	1770	0	0	9082	8685	1989	0	0	18398	3987
c88a0d5e0aafb4237147041372332538f699bb24	5a4237b0db502f3e8f0cb7f383155d0cd14fc0bf	0fdd79e05904dacec4c9ebf254f03f313d7bbe8b408905030c4a4be79508de50	c4ee301a2774857a63b158e23aa14ea9d68bfad532d6429e2d05e91908c29427	False	Retrospective development preference; not an efficacy, safety or delivery prediction.	MSTN_ENST00000260950.5_0000628_0000647	ENST00000260950.5	628	647	GCACAAACACUGUUGUAGGUU	CCUACAACAGUGUUUGUGCUU	False	82013	RECORDED_OTHER_GENE_FULL_CORE_WITHIN_TWO_SUBSTITUTIONS	UNASSESSED — excluded from accelerated scope	UNASSESSED — excluded from accelerated scope	23	23	6	6039	5849	1314	0	0	18343	16381	3492	0	1	29440	24550	4867	0	0	40520	7529	6	6	3	2884	2852	687	0	0	7362	7061	1556	0	0	17945	15721	3443	0	2	23445	4856
c88a0d5e0aafb4237147041372332538f699bb24	5a4237b0db502f3e8f0cb7f383155d0cd14fc0bf	0fdd79e05904dacec4c9ebf254f03f313d7bbe8b408905030c4a4be79508de50	c4ee301a2774857a63b158e23aa14ea9d68bfad532d6429e2d05e91908c29427	False	Retrospective development preference; not an efficacy, safety or delivery prediction.	MSTN_ENST00000260950.5_0000629_0000648	ENST00000260950.5	629	648	UGCACAAACACUGUUGUAGUU	CUACAACAGUGUUUGUGCAUU	False	67072	RECORDED_OTHER_GENE_FULL_CORE_WITHIN_TWO_SUBSTITUTIONS	UNASSESSED — excluded from accelerated scope	UNASSESSED — excluded from accelerated scope	20	20	4	7356	7038	1528	0	0	16272	14833	3139	0	1	11812	11107	2401	0	1	29419	5784	6	6	3	7335	6890	1342	0	0	15420	14017	2712	0	1	8877	8227	1739	0	0	25929	4742
c88a0d5e0aafb4237147041372332538f699bb24	5a4237b0db502f3e8f0cb7f383155d0cd14fc0bf	0fdd79e05904dacec4c9ebf254f03f313d7bbe8b408905030c4a4be79508de50	c4ee301a2774857a63b158e23aa14ea9d68bfad532d6429e2d05e91908c29427	False	Retrospective development preference; not an efficacy, safety or delivery prediction.	MSTN_ENST00000260950.5_0000630_0000649	ENST00000260950.5	630	649	UUGCACAAACACUGUUGUAUU	UACAACAGUGUUUGUGCAAUU	False	73891	RECORDED_OTHER_GENE_FULL_CORE_WITHIN_TWO_SUBSTITUTIONS;RECORDED_GDF11_CANONICAL_SEED_SITE	UNASSESSED — excluded from accelerated scope	UNASSESSED — excluded from accelerated scope	13	13	3	4982	4833	1063	0	0	14186	13049	2797	0	1	12869	11760	2853	1	1	26774	5608	15	15	3	6109	5843	1156	0	1	19099	16778	3545	0	0	16646	14869	2868	0	0	32790	6030
c88a0d5e0aafb4237147041372332538f699bb24	5a4237b0db502f3e8f0cb7f383155d0cd14fc0bf	0fdd79e05904dacec4c9ebf254f03f313d7bbe8b408905030c4a4be79508de50	c4ee301a2774857a63b158e23aa14ea9d68bfad532d6429e2d05e91908c29427	False	Retrospective development preference; not an efficacy, safety or delivery prediction.	MSTN_ENST00000260950.5_0000631_0000650	ENST00000260950.5	631	650	UUUGCACAAACACUGUUGUUU	ACAACAGUGUUUGUGCAAAUU	False	62034	RECORDED_OTHER_GENE_FULL_CORE_WITHIN_TWO_SUBSTITUTIONS;RECORDED_GDF11_CANONICAL_SEED_SITE	UNASSESSED — excluded from accelerated scope	UNASSESSED — excluded from accelerated scope	11	11	3	5872	5596	1366	0	1	11979	10993	2601	1	0	7908	7476	1877	0	0	21935	4902	11	11	3	5221	5030	1100	0	0	15214	13991	2808	0	1	15840	14598	3043	0	0	30114	5692
c88a0d5e0aafb4237147041372332538f699bb24	5a4237b0db502f3e8f0cb7f383155d0cd14fc0bf	0fdd79e05904dacec4c9ebf254f03f313d7bbe8b408905030c4a4be79508de50	c4ee301a2774857a63b158e23aa14ea9d68bfad532d6429e2d05e91908c29427	False	Retrospective development preference; not an efficacy, safety or delivery prediction.	MSTN_ENST00000260950.5_0000632_0000651	ENST00000260950.5	632	651	AUUUGCACAAACACUGUUGUU	CAACAGUGUUUGUGCAAAUUU	False	76941	RECORDED_OTHER_GENE_FULL_CORE_WITHIN_TWO_SUBSTITUTIONS;RECORDED_GDF11_CANONICAL_SEED_SITE	UNASSESSED — excluded from accelerated scope	UNASSESSED — excluded from accelerated scope	6	6	2	4637	4500	1057	0	1	9143	8557	2189	0	0	25542	21684	4455	1	0	31130	6309	12	12	4	4383	4282	986	0	0	19685	17603	3547	2	1	13551	12120	2477	0	0	30234	5740
c88a0d5e0aafb4237147041372332538f699bb24	5a4237b0db502f3e8f0cb7f383155d0cd14fc0bf	0fdd79e05904dacec4c9ebf254f03f313d7bbe8b408905030c4a4be79508de50	c4ee301a2774857a63b158e23aa14ea9d68bfad532d6429e2d05e91908c29427	False	Retrospective development preference; not an efficacy, safety or delivery prediction.	MSTN_ENST00000260950.5_0000633_0000652	ENST00000260950.5	633	652	GAUUUGCACAAACACUGUUUU	AACAGUGUUUGUGCAAAUCUU	False	72843	RECORDED_OTHER_GENE_FULL_CORE_WITHIN_TWO_SUBSTITUTIONS;RECORDED_GDF11_CANONICAL_SEED_SITE	UNASSESSED — excluded from accelerated scope	UNASSESSED — excluded from accelerated scope	5	5	1	7324	6910	1642	0	0	18357	16170	3516	1	0	10707	10033	2325	0	1	29636	5914	4	4	1	5145	4989	981	0	0	17202	15734	3391	2	1	14108	13094	2852	2	0	30573	5955
c88a0d5e0aafb4237147041372332538f699bb24	5a4237b0db502f3e8f0cb7f383155d0cd14fc0bf	0fdd79e05904dacec4c9ebf254f03f313d7bbe8b408905030c4a4be79508de50	c4ee301a2774857a63b158e23aa14ea9d68bfad532d6429e2d05e91908c29427	False	Retrospective development preference; not an efficacy, safety or delivery prediction.	MSTN_ENST00000260950.5_0000634_0000653	ENST00000260950.5	634	653	GGAUUUGCACAAACACUGUUU	ACAGUGUUUGUGCAAAUCCUU	False	65312	RECORDED_OTHER_GENE_FULL_CORE_WITHIN_TWO_SUBSTITUTIONS;RECORDED_GDF11_CANONICAL_SEED_SITE	UNASSESSED — excluded from accelerated scope	UNASSESSED — excluded from accelerated scope	2	2	2	4205	4062	977	0	0	6771	6502	1614	0	0	15081	13399	2989	2	0	22042	4678	4	4	1	6934	6683	1405	1	0	17049	15650	3213	1	0	15272	14272	3262	1	2	32615	6403
c88a0d5e0aafb4237147041372332538f699bb24	5a4237b0db502f3e8f0cb7f383155d0cd14fc0bf	0fdd79e05904dacec4c9ebf254f03f313d7bbe8b408905030c4a4be79508de50	c4ee301a2774857a63b158e23aa14ea9d68bfad532d6429e2d05e91908c29427	False	Retrospective development preference; not an efficacy, safety or delivery prediction.	MSTN_ENST00000260950.5_0000635_0000654	ENST00000260950.5	635	654	AGGAUUUGCACAAACACUGUU	CAGUGUUUGUGCAAAUCCUUU	False	68915	RECORDED_OTHER_GENE_FULL_CORE_WITHIN_TWO_SUBSTITUTIONS;RECORDED_GDF11_CANONICAL_SEED_SITE	UNASSESSED — excluded from accelerated scope	UNASSESSED — excluded from accelerated scope	7	7	2	5045	4669	1241	0	0	8720	8111	2042	0	0	18063	16242	3755	1	1	26328	5792	4	4	1	5838	5554	1224	1	0	22042	19370	3813	2	0	9207	8597	1707	0	0	30350	5570
c88a0d5e0aafb4237147041372332538f699bb24	5a4237b0db502f3e8f0cb7f383155d0cd14fc0bf	0fdd79e05904dacec4c9ebf254f03f313d7bbe8b408905030c4a4be79508de50	c4ee301a2774857a63b158e23aa14ea9d68bfad532d6429e2d05e91908c29427	False	Retrospective development preference; not an efficacy, safety or delivery prediction.	MSTN_ENST00000260950.5_0000636_0000655	ENST00000260950.5	636	655	CAGGAUUUGCACAAACACUUU	AGUGUUUGUGCAAAUCCUGUU	False	73721	RECORDED_OTHER_GENE_FULL_CORE_WITHIN_TWO_SUBSTITUTIONS;RECORDED_GDF11_CANONICAL_SEED_SITE	UNASSESSED — excluded from accelerated scope	UNASSESSED — excluded from accelerated scope	23	23	5	5489	5263	1238	0	0	18544	16507	3778	1	1	8027	7499	1996	1	0	26412	5762	0	0	0	6677	6258	1578	0	0	9504	8969	2175	0	1	25480	21765	4853	0	1	33065	6900
c88a0d5e0aafb4237147041372332538f699bb24	5a4237b0db502f3e8f0cb7f383155d0cd14fc0bf	0fdd79e05904dacec4c9ebf254f03f313d7bbe8b408905030c4a4be79508de50	c4ee301a2774857a63b158e23aa14ea9d68bfad532d6429e2d05e91908c29427	False	Retrospective development preference; not an efficacy, safety or delivery prediction.	MSTN_ENST00000260950.5_0000637_0000656	ENST00000260950.5	637	656	UCAGGAUUUGCACAAACACUU	GUGUUUGUGCAAAUCCUGAUU	False	73581	RECORDED_OTHER_GENE_FULL_CORE_WITHIN_TWO_SUBSTITUTIONS;RECORDED_GDF11_CANONICAL_SEED_SITE	UNASSESSED — excluded from accelerated scope	UNASSESSED — excluded from accelerated scope	49	49	3	4252	4102	1133	1	0	14156	13127	2897	1	0	13859	12819	3150	1	0	27083	5963	8	8	4	10503	8120	1896	0	1	16684	14816	3390	1	0	14127	13004	3027	1	0	31204	6325
c88a0d5e0aafb4237147041372332538f699bb24	5a4237b0db502f3e8f0cb7f383155d0cd14fc0bf	0fdd79e05904dacec4c9ebf254f03f313d7bbe8b408905030c4a4be79508de50	c4ee301a2774857a63b158e23aa14ea9d68bfad532d6429e2d05e91908c29427	False	Retrospective development preference; not an efficacy, safety or delivery prediction.	MSTN_ENST00000260950.5_0000638_0000657	ENST00000260950.5	638	657	CUCAGGAUUUGCACAAACAUU	UGUUUGUGCAAAUCCUGAGUU	False	76951	RECORDED_OTHER_GENE_FULL_CORE_WITHIN_TWO_SUBSTITUTIONS;RECORDED_GDF11_CANONICAL_SEED_SITE	UNASSESSED — excluded from accelerated scope	UNASSESSED — excluded from accelerated scope	60	60	6	5941	5600	1461	2	0	12170	11495	2890	0	0	20589	18339	4240	1	0	31560	6908	18	18	3	5387	5150	1365	1	0	11064	10355	2086	0	1	21800	17455	3792	0	1	29782	5944
c88a0d5e0aafb4237147041372332538f699bb24	5a4237b0db502f3e8f0cb7f383155d0cd14fc0bf	0fdd79e05904dacec4c9ebf254f03f313d7bbe8b408905030c4a4be79508de50	c4ee301a2774857a63b158e23aa14ea9d68bfad532d6429e2d05e91908c29427	False	Retrospective development preference; not an efficacy, safety or delivery prediction.	MSTN_ENST00000260950.5_0000639_0000658	ENST00000260950.5	639	658	UCUCAGGAUUUGCACAAACUU	GUUUGUGCAAAUCCUGAGAUU	False	88140	RECORDED_OTHER_GENE_FULL_CORE_WITHIN_TWO_SUBSTITUTIONS;RECORDED_GDF11_CANONICAL_SEED_SITE	UNASSESSED — excluded from accelerated scope	UNASSESSED — excluded from accelerated scope	20	20	4	6790	6524	1617	0	0	24144	20796	4909	0	0	18229	16314	3684	0	2	38294	7948	15	15	2	5092	4876	1109	1	0	11719	10934	2372	0	0	22166	18706	4167	0	2	30551	6229
c88a0d5e0aafb4237147041372332538f699bb24	5a4237b0db502f3e8f0cb7f383155d0cd14fc0bf	0fdd79e05904dacec4c9ebf254f03f313d7bbe8b408905030c4a4be79508de50	c4ee301a2774857a63b158e23aa14ea9d68bfad532d6429e2d05e91908c29427	False	Retrospective development preference; not an efficacy, safety or delivery prediction.	MSTN_ENST00000260950.5_0000640_0000659	ENST00000260950.5	640	659	GUCUCAGGAUUUGCACAAAUU	UUUGUGCAAAUCCUGAGACUU	False	75255	RECORDED_OTHER_GENE_FULL_CORE_WITHIN_TWO_SUBSTITUTIONS;RECORDED_GDF11_CANONICAL_SEED_SITE	UNASSESSED — excluded from accelerated scope	UNASSESSED — excluded from accelerated scope	11	11	2	7340	7046	1775	0	1	17679	15817	3575	0	1	23276	20340	4552	1	1	37969	7708	21	21	4	6225	5901	1253	0	0	10149	9522	2218	0	0	10586	10033	2233	1	0	23061	4769
c88a0d5e0aafb4237147041372332538f699bb24	5a4237b0db502f3e8f0cb7f383155d0cd14fc0bf	0fdd79e05904dacec4c9ebf254f03f313d7bbe8b408905030c4a4be79508de50	c4ee301a2774857a63b158e23aa14ea9d68bfad532d6429e2d05e91908c29427	False	Retrospective development preference; not an efficacy, safety or delivery prediction.	MSTN_ENST00000260950.5_0000641_0000660	ENST00000260950.5	641	660	AGUCUCAGGAUUUGCACAAUU	UUGUGCAAAUCCUGAGACUUU	False	68112	RECORDED_OTHER_GENE_FULL_CORE_WITHIN_TWO_SUBSTITUTIONS;RECORDED_GDF11_CANONICAL_SEED_SITE	UNASSESSED — excluded from accelerated scope	UNASSESSED — excluded from accelerated scope	25	19	6	5876	5650	1541	1	0	13764	12706	2846	0	0	15508	13684	3562	0	0	28946	6399	21	21	4	5269	5116	1071	0	0	16590	14957	2908	0	0	11105	10314	2365	0	0	27495	5271
c88a0d5e0aafb4237147041372332538f699bb24	5a4237b0db502f3e8f0cb7f383155d0cd14fc0bf	0fdd79e05904dacec4c9ebf254f03f313d7bbe8b408905030c4a4be79508de50	c4ee301a2774857a63b158e23aa14ea9d68bfad532d6429e2d05e91908c29427	False	Retrospective development preference; not an efficacy, safety or delivery prediction.	MSTN_ENST00000260950.5_0000642_0000661	ENST00000260950.5	642	661	GAGUCUCAGGAUUUGCACAUU	UGUGCAAAUCCUGAGACUCUU	False	63098	RECORDED_OTHER_GENE_FULL_CORE_WITHIN_TWO_SUBSTITUTIONS;RECORDED_GDF11_CANONICAL_SEED_SITE	UNASSESSED — excluded from accelerated scope	UNASSESSED — excluded from accelerated scope	33	27	6	3504	3378	854	0	0	18143	16388	3672	1	0	5807	5581	1486	0	0	23626	5175	1	1	1	9409	8761	1692	0	0	13785	12906	2391	0	1	12450	11636	2343	0	0	29664	5294
c88a0d5e0aafb4237147041372332538f699bb24	5a4237b0db502f3e8f0cb7f383155d0cd14fc0bf	0fdd79e05904dacec4c9ebf254f03f313d7bbe8b408905030c4a4be79508de50	c4ee301a2774857a63b158e23aa14ea9d68bfad532d6429e2d05e91908c29427	False	Retrospective development preference; not an efficacy, safety or delivery prediction.	MSTN_ENST00000260950.5_0000643_0000662	ENST00000260950.5	643	662	UGAGUCUCAGGAUUUGCACUU	GUGCAAAUCCUGAGACUCAUU	False	79095	RECORDED_OTHER_GENE_FULL_CORE_WITHIN_TWO_SUBSTITUTIONS;RECORDED_GDF11_CANONICAL_SEED_SITE	UNASSESSED — excluded from accelerated scope	UNASSESSED — excluded from accelerated scope	26	20	6	3879	3798	977	0	0	12813	11639	3008	2	0	10970	10300	2564	0	0	23791	5545	3	3	3	7881	7411	1645	0	0	21416	18481	3817	0	1	22136	19311	3928	1	1	38668	7131
c88a0d5e0aafb4237147041372332538f699bb24	5a4237b0db502f3e8f0cb7f383155d0cd14fc0bf	0fdd79e05904dacec4c9ebf254f03f313d7bbe8b408905030c4a4be79508de50	c4ee301a2774857a63b158e23aa14ea9d68bfad532d6429e2d05e91908c29427	False	Retrospective development preference; not an efficacy, safety or delivery prediction.	MSTN_ENST00000260950.5_0000644_0000663	ENST00000260950.5	644	663	AUGAGUCUCAGGAUUUGCAUU	UGCAAAUCCUGAGACUCAUUU	False	59196	RECORDED_OTHER_GENE_FULL_CORE_WITHIN_TWO_SUBSTITUTIONS;RECORDED_GDF11_CANONICAL_SEED_SITE	UNASSESSED — excluded from accelerated scope	UNASSESSED — excluded from accelerated scope	25	19	5	3299	3228	909	0	0	11550	10883	2621	0	0	6925	6615	1706	1	0	19198	4540	2	2	2	4655	4454	1045	0	0	8125	7733	1899	0	0	24642	20869	4227	0	1	29916	5939
c88a0d5e0aafb4237147041372332538f699bb24	5a4237b0db502f3e8f0cb7f383155d0cd14fc0bf	0fdd79e05904dacec4c9ebf254f03f313d7bbe8b408905030c4a4be79508de50	c4ee301a2774857a63b158e23aa14ea9d68bfad532d6429e2d05e91908c29427	False	Retrospective development preference; not an efficacy, safety or delivery prediction.	MSTN_ENST00000260950.5_0000645_0000664	ENST00000260950.5	645	664	GAUGAGUCUCAGGAUUUGCUU	GCAAAUCCUGAGACUCAUCUU	False	49453	RECORDED_OTHER_GENE_FULL_CORE_WITHIN_TWO_SUBSTITUTIONS;RECORDED_GDF11_CANONICAL_SEED_SITE	UNASSESSED — excluded from accelerated scope	UNASSESSED — excluded from accelerated scope	1	1	1	1555	1550	406	0	0	7746	7262	1920	0	0	7224	6799	1724	1	0	14610	3583	1	1	1	5031	4786	1230	0	0	14368	13188	2954	0	0	13529	12237	2796	0	0	27233	5688
c88a0d5e0aafb4237147041372332538f699bb24	5a4237b0db502f3e8f0cb7f383155d0cd14fc0bf	0fdd79e05904dacec4c9ebf254f03f313d7bbe8b408905030c4a4be79508de50	c4ee301a2774857a63b158e23aa14ea9d68bfad532d6429e2d05e91908c29427	False	Retrospective development preference; not an efficacy, safety or delivery prediction.	MSTN_ENST00000260950.5_0000646_0000665	ENST00000260950.5	646	665	UGAUGAGUCUCAGGAUUUGUU	CAAAUCCUGAGACUCAUCAUU	False	60117	RECORDED_OTHER_GENE_FULL_CORE_WITHIN_TWO_SUBSTITUTIONS	UNASSESSED — excluded from accelerated scope	UNASSESSED — excluded from accelerated scope	19	19	2	3059	2984	832	0	0	7056	6661	1799	0	1	13933	12947	3090	0	0	20786	4897	1	1	1	4378	4283	1155	0	0	21435	18542	4128	0	0	10256	9773	2226	0	0	29280	6126
c88a0d5e0aafb4237147041372332538f699bb24	5a4237b0db502f3e8f0cb7f383155d0cd14fc0bf	0fdd79e05904dacec4c9ebf254f03f313d7bbe8b408905030c4a4be79508de50	c4ee301a2774857a63b158e23aa14ea9d68bfad532d6429e2d05e91908c29427	False	Retrospective development preference; not an efficacy, safety or delivery prediction.	MSTN_ENST00000260950.5_0000647_0000666	ENST00000260950.5	647	666	UUGAUGAGUCUCAGGAUUUUU	AAAUCCUGAGACUCAUCAAUU	False	57889	RECORDED_OTHER_GENE_FULL_CORE_WITHIN_TWO_SUBSTITUTIONS;RECORDED_GDF11_CANONICAL_SEED_SITE	UNASSESSED — excluded from accelerated scope	UNASSESSED — excluded from accelerated scope	40	40	5	3922	3811	966	0	0	13070	12066	2972	0	0	12831	11655	2909	0	0	25161	5691	48	48	4	3271	3181	766	0	0	14432	13126	3216	0	0	10363	9541	2497	1	0	23792	5388
c88a0d5e0aafb4237147041372332538f699bb24	5a4237b0db502f3e8f0cb7f383155d0cd14fc0bf	0fdd79e05904dacec4c9ebf254f03f313d7bbe8b408905030c4a4be79508de50	c4ee301a2774857a63b158e23aa14ea9d68bfad532d6429e2d05e91908c29427	False	Retrospective development preference; not an efficacy, safety or delivery prediction.	MSTN_ENST00000260950.5_0000648_0000667	ENST00000260950.5	648	667	UUUGAUGAGUCUCAGGAUUUU	AAUCCUGAGACUCAUCAAAUU	False	53263	RECORDED_OTHER_GENE_FULL_CORE_WITHIN_TWO_SUBSTITUTIONS	UNASSESSED — excluded from accelerated scope	UNASSESSED — excluded from accelerated scope	18	18	3	5707	5446	1370	0	0	11046	10253	2575	0	0	12063	10963	2831	0	0	23883	5498	15	15	2	3079	2995	830	0	0	13125	12088	2928	0	0	8243	7798	1980	0	0	21306	4866
c88a0d5e0aafb4237147041372332538f699bb24	5a4237b0db502f3e8f0cb7f383155d0cd14fc0bf	0fdd79e05904dacec4c9ebf254f03f313d7bbe8b408905030c4a4be79508de50	c4ee301a2774857a63b158e23aa14ea9d68bfad532d6429e2d05e91908c29427	False	Retrospective development preference; not an efficacy, safety or delivery prediction.	MSTN_ENST00000260950.5_0000649_0000668	ENST00000260950.5	649	668	GUUUGAUGAGUCUCAGGAUUU	AUCCUGAGACUCAUCAAACUU	False	86905	RECORDED_OTHER_GENE_FULL_CORE_WITHIN_TWO_SUBSTITUTIONS;RECORDED_GDF11_CANONICAL_SEED_SITE	UNASSESSED — excluded from accelerated scope	UNASSESSED — excluded from accelerated scope	4	4	4	5697	5445	1434	0	0	12073	11144	2806	0	0	19120	16567	3727	1	1	29121	6221	42	42	6	8834	8301	1956	0	0	21189	18630	4468	0	0	19992	17768	4177	2	0	38741	8061
c88a0d5e0aafb4237147041372332538f699bb24	5a4237b0db502f3e8f0cb7f383155d0cd14fc0bf	0fdd79e05904dacec4c9ebf254f03f313d7bbe8b408905030c4a4be79508de50	c4ee301a2774857a63b158e23aa14ea9d68bfad532d6429e2d05e91908c29427	False	Retrospective development preference; not an efficacy, safety or delivery prediction.	MSTN_ENST00000260950.5_0000650_0000669	ENST00000260950.5	650	669	GGUUUGAUGAGUCUCAGGAUU	UCCUGAGACUCAUCAAACCUU	False	71241	RECORDED_OTHER_GENE_FULL_CORE_WITHIN_TWO_SUBSTITUTIONS;RECORDED_GDF11_CANONICAL_SEED_SITE	UNASSESSED — excluded from accelerated scope	UNASSESSED — excluded from accelerated scope	2	2	2	4348	4229	1044	0	1	7576	7190	1739	1	0	13213	12013	2969	1	0	21330	4792	7	7	2	7034	6717	1631	0	0	16081	14500	3312	1	0	22989	19997	4716	0	0	36098	7544
c88a0d5e0aafb4237147041372332538f699bb24	5a4237b0db502f3e8f0cb7f383155d0cd14fc0bf	0fdd79e05904dacec4c9ebf254f03f313d7bbe8b408905030c4a4be79508de50	c4ee301a2774857a63b158e23aa14ea9d68bfad532d6429e2d05e91908c29427	False	Retrospective development preference; not an efficacy, safety or delivery prediction.	MSTN_ENST00000260950.5_0000670_0000689	ENST00000260950.5	670	689	ACCUUGUACCGUCUUUCAUUU	AUGAAAGACGGUACAAGGUUU	False	71019	RECORDED_OTHER_GENE_FULL_CORE_WITHIN_TWO_SUBSTITUTIONS;RECORDED_GDF11_CANONICAL_SEED_SITE	UNASSESSED — excluded from accelerated scope	UNASSESSED — excluded from accelerated scope	1	1	1	3627	3518	1017	0	0	7174	6733	1712	0	0	14340	12947	3235	1	0	21638	5095	0	0	0	7381	6921	1632	0	0	21997	19013	4208	2	2	16500	14604	3215	0	0	35151	6935
c88a0d5e0aafb4237147041372332538f699bb24	5a4237b0db502f3e8f0cb7f383155d0cd14fc0bf	0fdd79e05904dacec4c9ebf254f03f313d7bbe8b408905030c4a4be79508de50	c4ee301a2774857a63b158e23aa14ea9d68bfad532d6429e2d05e91908c29427	False	Retrospective development preference; not an efficacy, safety or delivery prediction.	MSTN_ENST00000260950.5_0000671_0000690	ENST00000260950.5	671	690	UACCUUGUACCGUCUUUCAUU	UGAAAGACGGUACAAGGUAUU	False	62204	RECORDED_OTHER_GENE_FULL_CORE_WITHIN_TWO_SUBSTITUTIONS;RECORDED_GDF11_CANONICAL_SEED_SITE	UNASSESSED — excluded from accelerated scope	UNASSESSED — excluded from accelerated scope	2	2	2	2177	2154	597	0	0	10819	10127	2474	0	0	6714	6428	1550	0	0	17587	4026	0	0	0	4937	4703	1129	0	0	13116	12032	2749	1	0	24441	20804	4530	2	2	33228	6799
c88a0d5e0aafb4237147041372332538f699bb24	5a4237b0db502f3e8f0cb7f383155d0cd14fc0bf	0fdd79e05904dacec4c9ebf254f03f313d7bbe8b408905030c4a4be79508de50	c4ee301a2774857a63b158e23aa14ea9d68bfad532d6429e2d05e91908c29427	False	Retrospective development preference; not an efficacy, safety or delivery prediction.	MSTN_ENST00000260950.5_0000672_0000691	ENST00000260950.5	672	691	AUACCUUGUACCGUCUUUCUU	GAAAGACGGUACAAGGUAUUU	True	43594		UNASSESSED — excluded from accelerated scope	UNASSESSED — excluded from accelerated scope	0	0	0	2780	2735	640	0	0	6111	5895	1496	0	0	12031	10681	2540	0	0	17895	4014	0	0	0	1148	1146	278	0	0	4343	4273	969	0	0	17181	15126	3146	0	1	19612	4033
c88a0d5e0aafb4237147041372332538f699bb24	5a4237b0db502f3e8f0cb7f383155d0cd14fc0bf	0fdd79e05904dacec4c9ebf254f03f313d7bbe8b408905030c4a4be79508de50	c4ee301a2774857a63b158e23aa14ea9d68bfad532d6429e2d05e91908c29427	False	Retrospective development preference; not an efficacy, safety or delivery prediction.	MSTN_ENST00000260950.5_0000673_0000692	ENST00000260950.5	673	692	UAUACCUUGUACCGUCUUUUU	AAAGACGGUACAAGGUAUAUU	False	24325	RECORDED_OTHER_GENE_FULL_CORE_WITHIN_TWO_SUBSTITUTIONS;RECORDED_GDF11_CANONICAL_SEED_SITE	UNASSESSED — excluded from accelerated scope	UNASSESSED — excluded from accelerated scope	0	0	0	3020	2920	744	0	0	8828	8279	2046	2	1	6269	5790	1487	0	0	15588	3640	2	2	1	576	570	158	0	0	4122	4051	980	0	0	1510	1502	389	0	0	6049	1478
c88a0d5e0aafb4237147041372332538f699bb24	5a4237b0db502f3e8f0cb7f383155d0cd14fc0bf	0fdd79e05904dacec4c9ebf254f03f313d7bbe8b408905030c4a4be79508de50	c4ee301a2774857a63b158e23aa14ea9d68bfad532d6429e2d05e91908c29427	False	Retrospective development preference; not an efficacy, safety or delivery prediction.	MSTN_ENST00000260950.5_0000674_0000693	ENST00000260950.5	674	693	GUAUACCUUGUACCGUCUUUU	AAGACGGUACAAGGUAUACUU	False	19822	RECORDED_GDF11_CANONICAL_SEED_SITE	UNASSESSED — excluded from accelerated scope	UNASSESSED — excluded from accelerated scope	0	0	0	2839	2754	704	0	0	6450	6010	1520	0	0	5670	5477	1348	1	0	13143	3081	0	0	0	384	381	98	0	0	3176	3040	735	0	0	1303	1295	342	0	0	4662	1140
c88a0d5e0aafb4237147041372332538f699bb24	5a4237b0db502f3e8f0cb7f383155d0cd14fc0bf	0fdd79e05904dacec4c9ebf254f03f313d7bbe8b408905030c4a4be79508de50	c4ee301a2774857a63b158e23aa14ea9d68bfad532d6429e2d05e91908c29427	False	Retrospective development preference; not an efficacy, safety or delivery prediction.	MSTN_ENST00000260950.5_0000675_0000694	ENST00000260950.5	675	694	AGUAUACCUUGUACCGUCUUU	AGACGGUACAAGGUAUACUUU	False	19136	RECORDED_OTHER_GENE_FULL_CORE_WITHIN_TWO_SUBSTITUTIONS	UNASSESSED — excluded from accelerated scope	UNASSESSED — excluded from accelerated scope	13	13	4	1816	1784	469	0	0	2150	2122	607	0	1	11120	10050	2136	0	0	13186	2894	0	0	0	485	485	119	0	0	1198	1181	230	0	0	2367	2300	598	0	0	3905	923
c88a0d5e0aafb4237147041372332538f699bb24	5a4237b0db502f3e8f0cb7f383155d0cd14fc0bf	0fdd79e05904dacec4c9ebf254f03f313d7bbe8b408905030c4a4be79508de50	c4ee301a2774857a63b158e23aa14ea9d68bfad532d6429e2d05e91908c29427	False	Retrospective development preference; not an efficacy, safety or delivery prediction.	MSTN_ENST00000260950.5_0000676_0000695	ENST00000260950.5	676	695	CAGUAUACCUUGUACCGUCUU	GACGGUACAAGGUAUACUGUU	True	22413		UNASSESSED — excluded from accelerated scope	UNASSESSED — excluded from accelerated scope	0	0	0	1921	1886	416	0	1	7877	7455	1555	0	0	9522	8594	2036	0	1	16408	3461	0	0	0	473	473	76	0	0	1495	1491	322	0	0	1125	1120	316	0	0	3063	703
c88a0d5e0aafb4237147041372332538f699bb24	5a4237b0db502f3e8f0cb7f383155d0cd14fc0bf	0fdd79e05904dacec4c9ebf254f03f313d7bbe8b408905030c4a4be79508de50	c4ee301a2774857a63b158e23aa14ea9d68bfad532d6429e2d05e91908c29427	False	Retrospective development preference; not an efficacy, safety or delivery prediction.	MSTN_ENST00000260950.5_0000677_0000696	ENST00000260950.5	677	696	CCAGUAUACCUUGUACCGUUU	ACGGUACAAGGUAUACUGGUU	True	30628		UNASSESSED — excluded from accelerated scope	UNASSESSED — excluded from accelerated scope	0	0	0	3814	3723	834	0	0	11055	10070	2010	0	0	12610	11686	2573	0	0	22843	4490	0	0	0	752	749	135	0	0	1782	1756	394	0	0	615	607	185	0	0	3104	702
c88a0d5e0aafb4237147041372332538f699bb24	5a4237b0db502f3e8f0cb7f383155d0cd14fc0bf	0fdd79e05904dacec4c9ebf254f03f313d7bbe8b408905030c4a4be79508de50	c4ee301a2774857a63b158e23aa14ea9d68bfad532d6429e2d05e91908c29427	False	Retrospective development preference; not an efficacy, safety or delivery prediction.	MSTN_ENST00000260950.5_0000678_0000697	ENST00000260950.5	678	697	UCCAGUAUACCUUGUACCGUU	CGGUACAAGGUAUACUGGAUU	False	43287	RECORDED_OTHER_GENE_FULL_CORE_WITHIN_TWO_SUBSTITUTIONS;RECORDED_GDF11_CANONICAL_SEED_SITE	UNASSESSED — excluded from accelerated scope	UNASSESSED — excluded from accelerated scope	0	0	0	4731	3861	969	0	1	7862	7428	1826	0	1	9969	9214	2249	1	0	19014	4330	2	2	1	3794	3692	903	0	1	6784	6553	1588	0	1	10147	9680	2399	0	2	18581	4300
c88a0d5e0aafb4237147041372332538f699bb24	5a4237b0db502f3e8f0cb7f383155d0cd14fc0bf	0fdd79e05904dacec4c9ebf254f03f313d7bbe8b408905030c4a4be79508de50	c4ee301a2774857a63b158e23aa14ea9d68bfad532d6429e2d05e91908c29427	False	Retrospective development preference; not an efficacy, safety or delivery prediction.	MSTN_ENST00000260950.5_0000679_0000698	ENST00000260950.5	679	698	UUCCAGUAUACCUUGUACCUU	GGUACAAGGUAUACUGGAAUU	False	70244	RECORDED_OTHER_GENE_FULL_CORE_WITHIN_TWO_SUBSTITUTIONS;RECORDED_GDF11_CANONICAL_SEED_SITE	UNASSESSED — excluded from accelerated scope	UNASSESSED — excluded from accelerated scope	31	31	3	4999	4779	1207	1	0	9701	8549	2061	0	1	21197	18774	4115	0	0	28772	6047	25	25	3	5342	5168	961	0	0	5980	5760	1327	0	0	23025	20036	3516	0	3	28414	4977
c88a0d5e0aafb4237147041372332538f699bb24	5a4237b0db502f3e8f0cb7f383155d0cd14fc0bf	0fdd79e05904dacec4c9ebf254f03f313d7bbe8b408905030c4a4be79508de50	c4ee301a2774857a63b158e23aa14ea9d68bfad532d6429e2d05e91908c29427	False	Retrospective development preference; not an efficacy, safety or delivery prediction.	MSTN_ENST00000260950.5_0000680_0000699	ENST00000260950.5	680	699	AUUCCAGUAUACCUUGUACUU	GUACAAGGUAUACUGGAAUUU	False	81559	RECORDED_OTHER_GENE_FULL_CORE_WITHIN_TWO_SUBSTITUTIONS;RECORDED_GDF11_CANONICAL_SEED_SITE	UNASSESSED — excluded from accelerated scope	UNASSESSED — excluded from accelerated scope	2	2	1	9609	9035	2115	0	0	16587	14862	3402	1	0	26372	22955	5177	2	1	40623	8103	6	6	3	4527	4394	892	0	0	9687	9209	2004	1	0	14777	13599	2922	0	0	24896	4927
c88a0d5e0aafb4237147041372332538f699bb24	5a4237b0db502f3e8f0cb7f383155d0cd14fc0bf	0fdd79e05904dacec4c9ebf254f03f313d7bbe8b408905030c4a4be79508de50	c4ee301a2774857a63b158e23aa14ea9d68bfad532d6429e2d05e91908c29427	False	Retrospective development preference; not an efficacy, safety or delivery prediction.	MSTN_ENST00000260950.5_0000681_0000700	ENST00000260950.5	681	700	GAUUCCAGUAUACCUUGUAUU	UACAAGGUAUACUGGAAUCUU	False	72064	RECORDED_OTHER_GENE_FULL_CORE_WITHIN_TWO_SUBSTITUTIONS;RECORDED_GDF11_CANONICAL_SEED_SITE	UNASSESSED — excluded from accelerated scope	UNASSESSED — excluded from accelerated scope	0	0	0	6145	5999	1241	1	1	20906	18418	4459	1	0	17148	15130	3225	0	0	35410	7169	3	3	2	4061	3966	755	0	0	13651	12618	2866	0	0	10153	9538	2112	1	0	24053	4943
c88a0d5e0aafb4237147041372332538f699bb24	5a4237b0db502f3e8f0cb7f383155d0cd14fc0bf	0fdd79e05904dacec4c9ebf254f03f313d7bbe8b408905030c4a4be79508de50	c4ee301a2774857a63b158e23aa14ea9d68bfad532d6429e2d05e91908c29427	False	Retrospective development preference; not an efficacy, safety or delivery prediction.	MSTN_ENST00000260950.5_0000682_0000701	ENST00000260950.5	682	701	GGAUUCCAGUAUACCUUGUUU	ACAAGGUAUACUGGAAUCCUU	False	51519	RECORDED_OTHER_GENE_FULL_CORE_WITHIN_TWO_SUBSTITUTIONS;RECORDED_GDF11_CANONICAL_SEED_SITE	UNASSESSED — excluded from accelerated scope	UNASSESSED — excluded from accelerated scope	1	1	1	5767	5595	1402	1	1	11239	10353	2662	1	0	8769	8272	1963	0	0	22222	5064	1	1	1	3590	3504	813	0	0	10258	9526	2044	0	0	11896	10926	2658	0	0	22169	4711
c88a0d5e0aafb4237147041372332538f699bb24	5a4237b0db502f3e8f0cb7f383155d0cd14fc0bf	0fdd79e05904dacec4c9ebf254f03f313d7bbe8b408905030c4a4be79508de50	c4ee301a2774857a63b158e23aa14ea9d68bfad532d6429e2d05e91908c29427	False	Retrospective development preference; not an efficacy, safety or delivery prediction.	MSTN_ENST00000260950.5_0000683_0000702	ENST00000260950.5	683	702	CGGAUUCCAGUAUACCUUGUU	CAAGGUAUACUGGAAUCCGUU	False	45719	RECORDED_OTHER_GENE_FULL_CORE_WITHIN_TWO_SUBSTITUTIONS;RECORDED_GDF11_CANONICAL_SEED_SITE	UNASSESSED — excluded from accelerated scope	UNASSESSED — excluded from accelerated scope	1	1	1	3500	3404	907	0	0	7808	7461	1776	0	0	10806	10155	2465	1	0	19804	4490	0	0	0	3064	2967	683	0	0	11300	10420	2403	0	0	9241	8578	1798	0	1	20104	4162
c88a0d5e0aafb4237147041372332538f699bb24	5a4237b0db502f3e8f0cb7f383155d0cd14fc0bf	0fdd79e05904dacec4c9ebf254f03f313d7bbe8b408905030c4a4be79508de50	c4ee301a2774857a63b158e23aa14ea9d68bfad532d6429e2d05e91908c29427	False	Retrospective development preference; not an efficacy, safety or delivery prediction.	MSTN_ENST00000260950.5_0000684_0000703	ENST00000260950.5	684	703	UCGGAUUCCAGUAUACCUUUU	AAGGUAUACUGGAAUCCGAUU	False	23684	RECORDED_OTHER_GENE_FULL_CORE_WITHIN_TWO_SUBSTITUTIONS;RECORDED_GDF11_CANONICAL_SEED_SITE	UNASSESSED — excluded from accelerated scope	UNASSESSED — excluded from accelerated scope	5	5	2	658	647	172	0	0	2151	2108	445	0	0	1582	1567	390	0	0	4288	972	0	0	0	2478	2395	742	0	0	9566	9046	2018	0	0	7249	6801	1584	1	0	16931	3736
c88a0d5e0aafb4237147041372332538f699bb24	5a4237b0db502f3e8f0cb7f383155d0cd14fc0bf	0fdd79e05904dacec4c9ebf254f03f313d7bbe8b408905030c4a4be79508de50	c4ee301a2774857a63b158e23aa14ea9d68bfad532d6429e2d05e91908c29427	False	Retrospective development preference; not an efficacy, safety or delivery prediction.	MSTN_ENST00000260950.5_0000685_0000704	ENST00000260950.5	685	704	AUCGGAUUCCAGUAUACCUUU	AGGUAUACUGGAAUCCGAUUU	False	19105	RECORDED_OTHER_GENE_FULL_CORE_WITHIN_TWO_SUBSTITUTIONS	UNASSESSED — excluded from accelerated scope	UNASSESSED — excluded from accelerated scope	4	4	1	964	963	214	0	0	1276	1260	349	0	0	1440	1420	386	0	0	3575	915	0	0	0	1926	1901	451	0	0	3465	3331	817	0	0	10034	9411	2142	0	0	13923	3084
c88a0d5e0aafb4237147041372332538f699bb24	5a4237b0db502f3e8f0cb7f383155d0cd14fc0bf	0fdd79e05904dacec4c9ebf254f03f313d7bbe8b408905030c4a4be79508de50	c4ee301a2774857a63b158e23aa14ea9d68bfad532d6429e2d05e91908c29427	False	Retrospective development preference; not an efficacy, safety or delivery prediction.	MSTN_ENST00000260950.5_0000686_0000705	ENST00000260950.5	686	705	GAUCGGAUUCCAGUAUACCUU	GGUAUACUGGAAUCCGAUCUU	False	19976	RECORDED_OTHER_GENE_FULL_CORE_WITHIN_TWO_SUBSTITUTIONS	UNASSESSED — excluded from accelerated scope	UNASSESSED — excluded from accelerated scope	4	4	1	243	243	61	0	0	1097	1088	281	0	0	649	648	187	0	0	1977	526	0	0	0	3644	3513	815	0	0	5051	4909	1077	0	0	9292	8533	1875	0	0	15552	3265
c88a0d5e0aafb4237147041372332538f699bb24	5a4237b0db502f3e8f0cb7f383155d0cd14fc0bf	0fdd79e05904dacec4c9ebf254f03f313d7bbe8b408905030c4a4be79508de50	c4ee301a2774857a63b158e23aa14ea9d68bfad532d6429e2d05e91908c29427	False	Retrospective development preference; not an efficacy, safety or delivery prediction.	MSTN_ENST00000260950.5_0000687_0000706	ENST00000260950.5	687	706	AGAUCGGAUUCCAGUAUACUU	GUAUACUGGAAUCCGAUCUUU	False	30282	RECORDED_OTHER_GENE_FULL_CORE_WITHIN_TWO_SUBSTITUTIONS	UNASSESSED — excluded from accelerated scope	UNASSESSED — excluded from accelerated scope	4	4	1	224	222	69	0	0	802	800	246	0	0	1420	1332	291	0	0	2330	589	0	0	0	4492	4285	904	0	0	10320	9599	1975	0	0	13024	11894	2630	0	1	22703	4504
c88a0d5e0aafb4237147041372332538f699bb24	5a4237b0db502f3e8f0cb7f383155d0cd14fc0bf	0fdd79e05904dacec4c9ebf254f03f313d7bbe8b408905030c4a4be79508de50	c4ee301a2774857a63b158e23aa14ea9d68bfad532d6429e2d05e91908c29427	False	Retrospective development preference; not an efficacy, safety or delivery prediction.	MSTN_ENST00000260950.5_0000688_0000707	ENST00000260950.5	688	707	GAGAUCGGAUUCCAGUAUAUU	UAUACUGGAAUCCGAUCUCUU	False	28327	RECORDED_OTHER_GENE_FULL_CORE_WITHIN_TWO_SUBSTITUTIONS	UNASSESSED — excluded from accelerated scope	UNASSESSED — excluded from accelerated scope	4	4	1	243	243	63	0	0	1572	1554	415	0	0	891	889	190	0	0	2684	661	0	0	0	2764	2717	582	0	0	10809	10114	2267	0	0	12048	10938	2237	0	0	21802	4333
c88a0d5e0aafb4237147041372332538f699bb24	5a4237b0db502f3e8f0cb7f383155d0cd14fc0bf	0fdd79e05904dacec4c9ebf254f03f313d7bbe8b408905030c4a4be79508de50	c4ee301a2774857a63b158e23aa14ea9d68bfad532d6429e2d05e91908c29427	False	Retrospective development preference; not an efficacy, safety or delivery prediction.	MSTN_ENST00000260950.5_0000689_0000708	ENST00000260950.5	689	708	AGAGAUCGGAUUCCAGUAUUU	AUACUGGAAUCCGAUCUCUUU	False	40054	RECORDED_OTHER_GENE_FULL_CORE_WITHIN_TWO_SUBSTITUTIONS;RECORDED_GDF11_CANONICAL_SEED_SITE	UNASSESSED — excluded from accelerated scope	UNASSESSED — excluded from accelerated scope	0	0	0	1278	1257	452	0	0	3933	3426	1158	0	0	12829	11842	3055	1	0	15499	4107	6	6	1	3791	3684	886	0	0	9395	8885	2042	0	0	8828	8408	1967	1	0	19563	4214
c88a0d5e0aafb4237147041372332538f699bb24	5a4237b0db502f3e8f0cb7f383155d0cd14fc0bf	0fdd79e05904dacec4c9ebf254f03f313d7bbe8b408905030c4a4be79508de50	c4ee301a2774857a63b158e23aa14ea9d68bfad532d6429e2d05e91908c29427	False	Retrospective development preference; not an efficacy, safety or delivery prediction.	MSTN_ENST00000260950.5_0000690_0000709	ENST00000260950.5	690	709	CAGAGAUCGGAUUCCAGUAUU	UACUGGAAUCCGAUCUCUGUU	False	64062	RECORDED_OTHER_GENE_FULL_CORE_WITHIN_TWO_SUBSTITUTIONS;RECORDED_GDF11_CANONICAL_SEED_SITE	UNASSESSED — excluded from accelerated scope	UNASSESSED — excluded from accelerated scope	1	1	1	2798	2680	560	0	0	11110	10482	2538	0	0	16282	14575	3653	1	1	25441	5724	14	14	1	5164	4949	1129	0	0	20686	18589	4124	0	1	8022	7592	1832	0	0	28510	5903
c88a0d5e0aafb4237147041372332538f699bb24	5a4237b0db502f3e8f0cb7f383155d0cd14fc0bf	0fdd79e05904dacec4c9ebf254f03f313d7bbe8b408905030c4a4be79508de50	c4ee301a2774857a63b158e23aa14ea9d68bfad532d6429e2d05e91908c29427	False	Retrospective development preference; not an efficacy, safety or delivery prediction.	MSTN_ENST00000260950.5_0000691_0000710	ENST00000260950.5	691	710	UCAGAGAUCGGAUUCCAGUUU	ACUGGAAUCCGAUCUCUGAUU	False	95692	RECORDED_OTHER_GENE_FULL_CORE_WITHIN_TWO_SUBSTITUTIONS;RECORDED_GDF11_CANONICAL_SEED_SITE	UNASSESSED — excluded from accelerated scope	UNASSESSED — excluded from accelerated scope	0	0	0	5187	5037	1303	0	0	17890	16359	3672	0	1	22773	20220	4320	2	0	36870	7356	14	14	1	6647	6384	1559	0	0	18293	16711	3738	0	2	24902	21900	4927	0	0	39335	7921
c88a0d5e0aafb4237147041372332538f699bb24	5a4237b0db502f3e8f0cb7f383155d0cd14fc0bf	0fdd79e05904dacec4c9ebf254f03f313d7bbe8b408905030c4a4be79508de50	c4ee301a2774857a63b158e23aa14ea9d68bfad532d6429e2d05e91908c29427	False	Retrospective development preference; not an efficacy, safety or delivery prediction.	MSTN_ENST00000260950.5_0000692_0000711	ENST00000260950.5	692	711	UUCAGAGAUCGGAUUCCAGUU	CUGGAAUCCGAUCUCUGAAUU	False	79649	RECORDED_OTHER_GENE_FULL_CORE_WITHIN_TWO_SUBSTITUTIONS;RECORDED_GDF11_CANONICAL_SEED_SITE	UNASSESSED — excluded from accelerated scope	UNASSESSED — excluded from accelerated scope	1	1	1	8872	8345	2001	1	0	19088	17264	3767	1	0	20041	18141	3966	1	2	38082	7525	14	14	1	3500	3418	890	1	0	11315	10642	2599	0	1	16833	15278	3579	1	0	26589	5892
c88a0d5e0aafb4237147041372332538f699bb24	5a4237b0db502f3e8f0cb7f383155d0cd14fc0bf	0fdd79e05904dacec4c9ebf254f03f313d7bbe8b408905030c4a4be79508de50	c4ee301a2774857a63b158e23aa14ea9d68bfad532d6429e2d05e91908c29427	False	Retrospective development preference; not an efficacy, safety or delivery prediction.	MSTN_ENST00000260950.5_0000693_0000712	ENST00000260950.5	693	712	UUUCAGAGAUCGGAUUCCAUU	UGGAAUCCGAUCUCUGAAAUU	False	79794	RECORDED_OTHER_GENE_FULL_CORE_WITHIN_TWO_SUBSTITUTIONS;RECORDED_GDF11_CANONICAL_SEED_SITE	UNASSESSED — excluded from accelerated scope	UNASSESSED — excluded from accelerated scope	1	1	1	9273	8730	2077	1	1	19640	17664	3878	1	1	28178	23768	4919	1	1	42756	8191	7	7	3	3927	3850	1005	1	0	7888	7498	1725	0	0	10888	10081	2480	0	1	19958	4532
c88a0d5e0aafb4237147041372332538f699bb24	5a4237b0db502f3e8f0cb7f383155d0cd14fc0bf	0fdd79e05904dacec4c9ebf254f03f313d7bbe8b408905030c4a4be79508de50	c4ee301a2774857a63b158e23aa14ea9d68bfad532d6429e2d05e91908c29427	False	Retrospective development preference; not an efficacy, safety or delivery prediction.	MSTN_ENST00000260950.5_0000694_0000713	ENST00000260950.5	694	713	GUUUCAGAGAUCGGAUUCCUU	GGAAUCCGAUCUCUGAAACUU	False	78931	RECORDED_OTHER_GENE_FULL_CORE_WITHIN_TWO_SUBSTITUTIONS;RECORDED_GDF11_CANONICAL_SEED_SITE	UNASSESSED — excluded from accelerated scope	UNASSESSED — excluded from accelerated scope	1	1	1	11692	10675	2472	2	1	25759	22266	4693	0	1	26667	22793	4937	2	1	46126	8661	0	0	0	575	575	190	0	0	1787	1779	410	0	0	12451	11478	2797	0	1	13561	3261
c88a0d5e0aafb4237147041372332538f699bb24	5a4237b0db502f3e8f0cb7f383155d0cd14fc0bf	0fdd79e05904dacec4c9ebf254f03f313d7bbe8b408905030c4a4be79508de50	c4ee301a2774857a63b158e23aa14ea9d68bfad532d6429e2d05e91908c29427	False	Retrospective development preference; not an efficacy, safety or delivery prediction.	MSTN_ENST00000260950.5_0000695_0000714	ENST00000260950.5	695	714	AGUUUCAGAGAUCGGAUUCUU	GAAUCCGAUCUCUGAAACUUU	False	43465	RECORDED_OTHER_GENE_FULL_CORE_WITHIN_TWO_SUBSTITUTIONS;RECORDED_GDF11_CANONICAL_SEED_SITE	UNASSESSED — excluded from accelerated scope	UNASSESSED — excluded from accelerated scope	0	0	0	6854	6448	1620	0	0	12816	11804	2800	0	0	20967	18286	4057	1	2	32313	6698	5	5	2	322	322	91	0	0	1684	1657	408	0	0	822	814	222	0	0	2785	712
c88a0d5e0aafb4237147041372332538f699bb24	5a4237b0db502f3e8f0cb7f383155d0cd14fc0bf	0fdd79e05904dacec4c9ebf254f03f313d7bbe8b408905030c4a4be79508de50	c4ee301a2774857a63b158e23aa14ea9d68bfad532d6429e2d05e91908c29427	False	Retrospective development preference; not an efficacy, safety or delivery prediction.	MSTN_ENST00000260950.5_0000696_0000715	ENST00000260950.5	696	715	AAGUUUCAGAGAUCGGAUUUU	AAUCCGAUCUCUGAAACUUUU	False	39825	RECORDED_OTHER_GENE_FULL_CORE_WITHIN_TWO_SUBSTITUTIONS	UNASSESSED — excluded from accelerated scope	UNASSESSED — excluded from accelerated scope	0	0	0	5367	5149	1182	0	0	21744	18654	4292	0	3	10110	9306	2290	0	0	29434	6218	4	4	1	218	218	64	0	0	1224	1204	335	0	0	1162	1161	263	0	0	2534	647
c88a0d5e0aafb4237147041372332538f699bb24	5a4237b0db502f3e8f0cb7f383155d0cd14fc0bf	0fdd79e05904dacec4c9ebf254f03f313d7bbe8b408905030c4a4be79508de50	c4ee301a2774857a63b158e23aa14ea9d68bfad532d6429e2d05e91908c29427	False	Retrospective development preference; not an efficacy, safety or delivery prediction.	MSTN_ENST00000260950.5_0000697_0000716	ENST00000260950.5	697	716	CAAGUUUCAGAGAUCGGAUUU	AUCCGAUCUCUGAAACUUGUU	False	46299	RECORDED_OTHER_GENE_FULL_CORE_WITHIN_TWO_SUBSTITUTIONS	UNASSESSED — excluded from accelerated scope	UNASSESSED — excluded from accelerated scope	0	0	0	4964	4747	1149	0	1	20206	17816	3693	0	0	17451	15425	3517	0	1	32950	6593	3	3	1	470	470	130	0	0	1116	1111	291	0	0	2092	2045	483	0	0	3593	882
c88a0d5e0aafb4237147041372332538f699bb24	5a4237b0db502f3e8f0cb7f383155d0cd14fc0bf	0fdd79e05904dacec4c9ebf254f03f313d7bbe8b408905030c4a4be79508de50	c4ee301a2774857a63b158e23aa14ea9d68bfad532d6429e2d05e91908c29427	False	Retrospective development preference; not an efficacy, safety or delivery prediction.	MSTN_ENST00000260950.5_0000698_0000717	ENST00000260950.5	698	717	UCAAGUUUCAGAGAUCGGAUU	UCCGAUCUCUGAAACUUGAUU	False	42957	RECORDED_GDF11_CANONICAL_SEED_SITE	UNASSESSED — excluded from accelerated scope	UNASSESSED — excluded from accelerated scope	0	0	0	8110	7634	1716	0	0	18631	16695	3409	0	1	13094	11687	2741	1	0	31611	6142	0	0	0	593	592	135	0	0	1536	1523	419	0	0	993	993	287	0	0	3077	819
c88a0d5e0aafb4237147041372332538f699bb24	5a4237b0db502f3e8f0cb7f383155d0cd14fc0bf	0fdd79e05904dacec4c9ebf254f03f313d7bbe8b408905030c4a4be79508de50	c4ee301a2774857a63b158e23aa14ea9d68bfad532d6429e2d05e91908c29427	False	Retrospective development preference; not an efficacy, safety or delivery prediction.	MSTN_ENST00000260950.5_0000699_0000718	ENST00000260950.5	699	718	GUCAAGUUUCAGAGAUCGGUU	CCGAUCUCUGAAACUUGACUU	False	49160	RECORDED_GDF11_CANONICAL_SEED_SITE	UNASSESSED — excluded from accelerated scope	UNASSESSED — excluded from accelerated scope	0	0	0	8473	7876	1788	1	0	12731	11572	2698	0	0	20217	18006	3891	1	1	32236	6464	0	0	0	2091	2024	732	0	0	4043	3872	1258	1	0	1605	1578	510	0	0	6929	2190
c88a0d5e0aafb4237147041372332538f699bb24	5a4237b0db502f3e8f0cb7f383155d0cd14fc0bf	0fdd79e05904dacec4c9ebf254f03f313d7bbe8b408905030c4a4be79508de50	c4ee301a2774857a63b158e23aa14ea9d68bfad532d6429e2d05e91908c29427	False	Retrospective development preference; not an efficacy, safety or delivery prediction.	MSTN_ENST00000260950.5_0000700_0000719	ENST00000260950.5	700	719	UGUCAAGUUUCAGAGAUCGUU	CGAUCUCUGAAACUUGACAUU	False	45016	RECORDED_GDF11_CANONICAL_SEED_SITE	UNASSESSED — excluded from accelerated scope	UNASSESSED — excluded from accelerated scope	0	0	0	3671	3607	836	0	0	7830	7438	1824	0	0	9635	8836	2159	1	0	18702	4257	0	0	0	4375	4274	1162	0	0	7953	7570	1980	0	0	11552	10532	2889	1	0	20576	5017
c88a0d5e0aafb4237147041372332538f699bb24	5a4237b0db502f3e8f0cb7f383155d0cd14fc0bf	0fdd79e05904dacec4c9ebf254f03f313d7bbe8b408905030c4a4be79508de50	c4ee301a2774857a63b158e23aa14ea9d68bfad532d6429e2d05e91908c29427	False	Retrospective development preference; not an efficacy, safety or delivery prediction.	MSTN_ENST00000260950.5_0000701_0000720	ENST00000260950.5	701	720	AUGUCAAGUUUCAGAGAUCUU	GAUCUCUGAAACUUGACAUUU	False	59624	RECORDED_OTHER_GENE_FULL_CORE_WITHIN_TWO_SUBSTITUTIONS;RECORDED_GDF11_CANONICAL_SEED_SITE	UNASSESSED — excluded from accelerated scope	UNASSESSED — excluded from accelerated scope	5	5	3	3810	3676	862	0	0	9496	9023	2112	1	0	14052	12747	2877	2	1	23199	4954	0	0	0	3958	3816	1053	0	0	17730	15996	3872	0	1	10578	9809	2529	2	2	26778	6082
c88a0d5e0aafb4237147041372332538f699bb24	5a4237b0db502f3e8f0cb7f383155d0cd14fc0bf	0fdd79e05904dacec4c9ebf254f03f313d7bbe8b408905030c4a4be79508de50	c4ee301a2774857a63b158e23aa14ea9d68bfad532d6429e2d05e91908c29427	False	Retrospective development preference; not an efficacy, safety or delivery prediction.	MSTN_ENST00000260950.5_0000702_0000721	ENST00000260950.5	702	721	CAUGUCAAGUUUCAGAGAUUU	AUCUCUGAAACUUGACAUGUU	False	80386	RECORDED_OTHER_GENE_FULL_CORE_WITHIN_TWO_SUBSTITUTIONS;RECORDED_GDF11_CANONICAL_SEED_SITE	UNASSESSED — excluded from accelerated scope	UNASSESSED — excluded from accelerated scope	7	7	5	3461	3356	849	0	0	15110	13604	3081	1	1	8864	8310	2015	0	0	22960	4929	6	6	2	9273	8502	2141	0	1	17635	16038	3750	0	1	26043	22817	5334	2	10	40583	8419
c88a0d5e0aafb4237147041372332538f699bb24	5a4237b0db502f3e8f0cb7f383155d0cd14fc0bf	0fdd79e05904dacec4c9ebf254f03f313d7bbe8b408905030c4a4be79508de50	c4ee301a2774857a63b158e23aa14ea9d68bfad532d6429e2d05e91908c29427	False	Retrospective development preference; not an efficacy, safety or delivery prediction.	MSTN_ENST00000260950.5_0000703_0000722	ENST00000260950.5	703	722	UCAUGUCAAGUUUCAGAGAUU	UCUCUGAAACUUGACAUGAUU	False	73311	RECORDED_OTHER_GENE_FULL_CORE_WITHIN_TWO_SUBSTITUTIONS;RECORDED_GDF11_CANONICAL_SEED_SITE	UNASSESSED — excluded from accelerated scope	UNASSESSED — excluded from accelerated scope	5	5	3	4519	4343	1114	0	0	12579	11842	2747	0	0	9151	8701	2265	0	0	22837	5165	15	15	1	9068	8398	2048	0	0	20154	18173	3850	1	0	17840	15999	3817	0	2	37147	7425
c88a0d5e0aafb4237147041372332538f699bb24	5a4237b0db502f3e8f0cb7f383155d0cd14fc0bf	0fdd79e05904dacec4c9ebf254f03f313d7bbe8b408905030c4a4be79508de50	c4ee301a2774857a63b158e23aa14ea9d68bfad532d6429e2d05e91908c29427	False	Retrospective development preference; not an efficacy, safety or delivery prediction.	MSTN_ENST00000260950.5_0000723_0000742	ENST00000260950.5	723	742	CCAAAUACCAGUGCCUGGGUU	CCCAGGCACUGGUAUUUGGUU	False	110997	RECORDED_OTHER_GENE_FULL_CORE_WITHIN_TWO_SUBSTITUTIONS;RECORDED_GDF11_CANONICAL_SEED_SITE	UNASSESSED — excluded from accelerated scope	UNASSESSED — excluded from accelerated scope	21	21	5	6999	6750	1440	0	0	18960	16479	3452	2	0	26861	21775	4401	0	1	38213	7003	26	26	11	8493	8036	1846	0	1	29064	23783	5122	0	0	20620	17843	4162	0	1	42514	8300
c88a0d5e0aafb4237147041372332538f699bb24	5a4237b0db502f3e8f0cb7f383155d0cd14fc0bf	0fdd79e05904dacec4c9ebf254f03f313d7bbe8b408905030c4a4be79508de50	c4ee301a2774857a63b158e23aa14ea9d68bfad532d6429e2d05e91908c29427	False	Retrospective development preference; not an efficacy, safety or delivery prediction.	MSTN_ENST00000260950.5_0000724_0000743	ENST00000260950.5	724	743	GCCAAAUACCAGUGCCUGGUU	CCAGGCACUGGUAUUUGGCUU	False	95887	RECORDED_OTHER_GENE_FULL_CORE_WITHIN_TWO_SUBSTITUTIONS;RECORDED_GDF11_CANONICAL_SEED_SITE	UNASSESSED — excluded from accelerated scope	UNASSESSED — excluded from accelerated scope	20	20	2	8513	7962	1796	0	0	17394	15576	3353	2	0	21959	19324	4114	0	0	36449	7000	1	1	1	5230	4903	1131	0	0	24984	21678	4783	0	0	17807	16024	3543	1	0	37922	7541
c88a0d5e0aafb4237147041372332538f699bb24	5a4237b0db502f3e8f0cb7f383155d0cd14fc0bf	0fdd79e05904dacec4c9ebf254f03f313d7bbe8b408905030c4a4be79508de50	c4ee301a2774857a63b158e23aa14ea9d68bfad532d6429e2d05e91908c29427	False	Retrospective development preference; not an efficacy, safety or delivery prediction.	MSTN_ENST00000260950.5_0000725_0000744	ENST00000260950.5	725	744	UGCCAAAUACCAGUGCCUGUU	CAGGCACUGGUAUUUGGCAUU	False	61544	RECORDED_OTHER_GENE_FULL_CORE_WITHIN_TWO_SUBSTITUTIONS;RECORDED_GDF11_CANONICAL_SEED_SITE	UNASSESSED — excluded from accelerated scope	UNASSESSED — excluded from accelerated scope	17	17	3	5093	4926	1259	0	0	9660	9137	2193	1	0	16896	15382	3437	0	1	26671	5609	0	0	0	3006	2923	717	1	0	20489	18411	3751	0	0	6400	6153	1466	0	0	25620	5170
c88a0d5e0aafb4237147041372332538f699bb24	5a4237b0db502f3e8f0cb7f383155d0cd14fc0bf	0fdd79e05904dacec4c9ebf254f03f313d7bbe8b408905030c4a4be79508de50	c4ee301a2774857a63b158e23aa14ea9d68bfad532d6429e2d05e91908c29427	False	Retrospective development preference; not an efficacy, safety or delivery prediction.	MSTN_ENST00000260950.5_0000726_0000745	ENST00000260950.5	726	745	CUGCCAAAUACCAGUGCCUUU	AGGCACUGGUAUUUGGCAGUU	False	72265	RECORDED_OTHER_GENE_FULL_CORE_WITHIN_TWO_SUBSTITUTIONS;RECORDED_GDF11_CANONICAL_SEED_SITE	UNASSESSED — excluded from accelerated scope	UNASSESSED — excluded from accelerated scope	6	6	1	6824	6582	1499	0	1	15165	13869	3213	0	0	11103	10289	2468	0	1	27556	5800	2	2	2	8506	8193	1636	0	0	18478	16568	3494	2	0	12189	11393	2443	1	0	32536	6198
c88a0d5e0aafb4237147041372332538f699bb24	5a4237b0db502f3e8f0cb7f383155d0cd14fc0bf	0fdd79e05904dacec4c9ebf254f03f313d7bbe8b408905030c4a4be79508de50	c4ee301a2774857a63b158e23aa14ea9d68bfad532d6429e2d05e91908c29427	False	Retrospective development preference; not an efficacy, safety or delivery prediction.	MSTN_ENST00000260950.5_0000727_0000746	ENST00000260950.5	727	746	UCUGCCAAAUACCAGUGCCUU	GGCACUGGUAUUUGGCAGAUU	False	76195	RECORDED_OTHER_GENE_FULL_CORE_WITHIN_TWO_SUBSTITUTIONS;RECORDED_GDF11_CANONICAL_SEED_SITE	UNASSESSED — excluded from accelerated scope	UNASSESSED — excluded from accelerated scope	6	6	1	5726	5504	1286	1	0	14732	13362	2977	0	0	19705	17728	4169	0	0	32305	6745	4	4	4	4786	4625	1240	0	0	16164	14563	3244	1	0	15082	13673	3100	0	1	29505	6166
c88a0d5e0aafb4237147041372332538f699bb24	5a4237b0db502f3e8f0cb7f383155d0cd14fc0bf	0fdd79e05904dacec4c9ebf254f03f313d7bbe8b408905030c4a4be79508de50	c4ee301a2774857a63b158e23aa14ea9d68bfad532d6429e2d05e91908c29427	False	Retrospective development preference; not an efficacy, safety or delivery prediction.	MSTN_ENST00000260950.5_0000728_0000747	ENST00000260950.5	728	747	CUCUGCCAAAUACCAGUGCUU	GCACUGGUAUUUGGCAGAGUU	False	76857	RECORDED_OTHER_GENE_FULL_CORE_WITHIN_TWO_SUBSTITUTIONS;RECORDED_GDF11_CANONICAL_SEED_SITE	UNASSESSED — excluded from accelerated scope	UNASSESSED — excluded from accelerated scope	1	1	1	7595	7221	1809	0	0	17836	16070	3763	1	0	16256	14701	3614	2	1	33459	7131	4	4	4	4579	4412	1057	0	0	12737	11866	2777	0	0	17854	16067	3727	1	1	29365	6243
c88a0d5e0aafb4237147041372332538f699bb24	5a4237b0db502f3e8f0cb7f383155d0cd14fc0bf	0fdd79e05904dacec4c9ebf254f03f313d7bbe8b408905030c4a4be79508de50	c4ee301a2774857a63b158e23aa14ea9d68bfad532d6429e2d05e91908c29427	False	Retrospective development preference; not an efficacy, safety or delivery prediction.	MSTN_ENST00000260950.5_0000748_0000767	ENST00000260950.5	748	767	ACACUGUCUUCACAUCAAUUU	AUUGAUGUGAAGACAGUGUUU	False	66419	RECORDED_OTHER_GENE_FULL_CORE_WITHIN_TWO_SUBSTITUTIONS;RECORDED_GDF11_CANONICAL_SEED_SITE	UNASSESSED — excluded from accelerated scope	UNASSESSED — excluded from accelerated scope	35	35	4	5881	5670	1425	1	0	14498	13296	3137	1	8	18611	16737	4055	0	1	31997	6870	1	1	1	5269	5023	1346	0	0	9659	8950	2401	1	0	12501	11435	2854	0	0	22938	5403
c88a0d5e0aafb4237147041372332538f699bb24	5a4237b0db502f3e8f0cb7f383155d0cd14fc0bf	0fdd79e05904dacec4c9ebf254f03f313d7bbe8b408905030c4a4be79508de50	c4ee301a2774857a63b158e23aa14ea9d68bfad532d6429e2d05e91908c29427	False	Retrospective development preference; not an efficacy, safety or delivery prediction.	MSTN_ENST00000260950.5_0000749_0000768	ENST00000260950.5	749	768	AACACUGUCUUCACAUCAAUU	UUGAUGUGAAGACAGUGUUUU	False	63480	RECORDED_OTHER_GENE_FULL_CORE_WITHIN_TWO_SUBSTITUTIONS;RECORDED_GDF11_CANONICAL_SEED_SITE	UNASSESSED — excluded from accelerated scope	UNASSESSED — excluded from accelerated scope	26	26	3	4858	4675	1038	0	0	18453	16763	3665	0	1	12625	11733	2426	0	0	29804	5882	9	9	4	3336	3272	927	0	0	12616	11742	2745	1	0	11592	10499	2743	1	0	23391	5354
c88a0d5e0aafb4237147041372332538f699bb24	5a4237b0db502f3e8f0cb7f383155d0cd14fc0bf	0fdd79e05904dacec4c9ebf254f03f313d7bbe8b408905030c4a4be79508de50	c4ee301a2774857a63b158e23aa14ea9d68bfad532d6429e2d05e91908c29427	False	Retrospective development preference; not an efficacy, safety or delivery prediction.	MSTN_ENST00000260950.5_0000750_0000769	ENST00000260950.5	750	769	CAACACUGUCUUCACAUCAUU	UGAUGUGAAGACAGUGUUGUU	False	68999	RECORDED_OTHER_GENE_FULL_CORE_WITHIN_TWO_SUBSTITUTIONS;RECORDED_GDF11_CANONICAL_SEED_SITE	UNASSESSED — excluded from accelerated scope	UNASSESSED — excluded from accelerated scope	27	27	7	6334	5966	1276	0	0	25683	22480	4363	0	0	11677	10890	2224	1	1	35002	6309	2	2	2	3770	3678	969	1	0	9353	8849	2193	0	1	12182	11404	2727	0	0	21986	5000
c88a0d5e0aafb4237147041372332538f699bb24	5a4237b0db502f3e8f0cb7f383155d0cd14fc0bf	0fdd79e05904dacec4c9ebf254f03f313d7bbe8b408905030c4a4be79508de50	c4ee301a2774857a63b158e23aa14ea9d68bfad532d6429e2d05e91908c29427	False	Retrospective development preference; not an efficacy, safety or delivery prediction.	MSTN_ENST00000260950.5_0000751_0000770	ENST00000260950.5	751	770	GCAACACUGUCUUCACAUCUU	GAUGUGAAGACAGUGUUGCUU	False	62001	RECORDED_OTHER_GENE_FULL_CORE_WITHIN_TWO_SUBSTITUTIONS	UNASSESSED — excluded from accelerated scope	UNASSESSED — excluded from accelerated scope	0	0	0	5035	4933	1069	0	0	14429	13135	2929	0	0	10513	9952	2062	0	0	25452	5084	1	1	1	5067	4745	1187	0	0	19027	16772	3673	0	1	7930	7460	2006	0	0	26160	5600
c88a0d5e0aafb4237147041372332538f699bb24	5a4237b0db502f3e8f0cb7f383155d0cd14fc0bf	0fdd79e05904dacec4c9ebf254f03f313d7bbe8b408905030c4a4be79508de50	c4ee301a2774857a63b158e23aa14ea9d68bfad532d6429e2d05e91908c29427	False	Retrospective development preference; not an efficacy, safety or delivery prediction.	MSTN_ENST00000260950.5_0000752_0000771	ENST00000260950.5	752	771	UGCAACACUGUCUUCACAUUU	AUGUGAAGACAGUGUUGCAUU	False	66019	RECORDED_OTHER_GENE_FULL_CORE_WITHIN_TWO_SUBSTITUTIONS;RECORDED_GDF11_CANONICAL_SEED_SITE	UNASSESSED — excluded from accelerated scope	UNASSESSED — excluded from accelerated scope	32	32	5	3703	3630	789	0	0	9212	8803	2020	0	0	16437	14605	2989	0	0	24589	4953	9	9	6	4461	4353	1077	2	0	16155	14752	3337	2	0	16051	14412	3233	0	0	29977	6185
c88a0d5e0aafb4237147041372332538f699bb24	5a4237b0db502f3e8f0cb7f383155d0cd14fc0bf	0fdd79e05904dacec4c9ebf254f03f313d7bbe8b408905030c4a4be79508de50	c4ee301a2774857a63b158e23aa14ea9d68bfad532d6429e2d05e91908c29427	False	Retrospective development preference; not an efficacy, safety or delivery prediction.	MSTN_ENST00000260950.5_0000753_0000772	ENST00000260950.5	753	772	UUGCAACACUGUCUUCACAUU	UGUGAAGACAGUGUUGCAAUU	False	61669	RECORDED_OTHER_GENE_FULL_CORE_WITHIN_TWO_SUBSTITUTIONS;RECORDED_GDF11_CANONICAL_SEED_SITE	UNASSESSED — excluded from accelerated scope	UNASSESSED — excluded from accelerated scope	42	42	5	4663	4537	1018	0	0	15477	13802	2809	0	0	6121	5817	1512	0	0	22164	4584	3	3	3	6408	6133	1532	2	0	14792	13485	3002	0	0	14208	13188	2980	2	0	29366	6083
c88a0d5e0aafb4237147041372332538f699bb24	5a4237b0db502f3e8f0cb7f383155d0cd14fc0bf	0fdd79e05904dacec4c9ebf254f03f313d7bbe8b408905030c4a4be79508de50	c4ee301a2774857a63b158e23aa14ea9d68bfad532d6429e2d05e91908c29427	False	Retrospective development preference; not an efficacy, safety or delivery prediction.	MSTN_ENST00000260950.5_0000754_0000773	ENST00000260950.5	754	773	UUUGCAACACUGUCUUCACUU	GUGAAGACAGUGUUGCAAAUU	False	76236	RECORDED_OTHER_GENE_FULL_CORE_WITHIN_TWO_SUBSTITUTIONS;RECORDED_GDF11_CANONICAL_SEED_SITE	UNASSESSED — excluded from accelerated scope	UNASSESSED — excluded from accelerated scope	54	54	4	4148	3979	966	0	0	6636	6332	1559	0	0	23919	20500	4183	0	0	28169	5661	5	5	5	4472	4290	1101	0	0	17411	15489	3397	1	0	19650	17698	4084	1	2	33643	6931
c88a0d5e0aafb4237147041372332538f699bb24	5a4237b0db502f3e8f0cb7f383155d0cd14fc0bf	0fdd79e05904dacec4c9ebf254f03f313d7bbe8b408905030c4a4be79508de50	c4ee301a2774857a63b158e23aa14ea9d68bfad532d6429e2d05e91908c29427	False	Retrospective development preference; not an efficacy, safety or delivery prediction.	MSTN_ENST00000260950.5_0000787_0000806	ENST00000260950.5	787	806	UGCCUAAGUUGGAUUCAGGUU	CCUGAAUCCAACUUAGGCAUU	False	51823	RECORDED_OTHER_GENE_FULL_CORE_WITHIN_TWO_SUBSTITUTIONS	UNASSESSED — excluded from accelerated scope	UNASSESSED — excluded from accelerated scope	4	4	4	2497	2446	616	0	0	5222	5040	1221	0	0	7637	7198	1751	0	0	13950	3226	1	1	1	4745	4605	1217	0	1	10278	9653	2327	0	0	21444	18764	4027	0	0	29551	6104
c88a0d5e0aafb4237147041372332538f699bb24	5a4237b0db502f3e8f0cb7f383155d0cd14fc0bf	0fdd79e05904dacec4c9ebf254f03f313d7bbe8b408905030c4a4be79508de50	c4ee301a2774857a63b158e23aa14ea9d68bfad532d6429e2d05e91908c29427	False	Retrospective development preference; not an efficacy, safety or delivery prediction.	MSTN_ENST00000260950.5_0000788_0000807	ENST00000260950.5	788	807	AUGCCUAAGUUGGAUUCAGUU	CUGAAUCCAACUUAGGCAUUU	False	37910	RECORDED_OTHER_GENE_FULL_CORE_WITHIN_TWO_SUBSTITUTIONS	UNASSESSED — excluded from accelerated scope	UNASSESSED — excluded from accelerated scope	1	1	1	2897	2804	679	0	0	7237	6896	1693	0	0	6731	6409	1639	0	1	15198	3525	3	3	2	3145	3070	925	0	1	9881	9221	2199	0	0	8019	7488	2109	0	0	18537	4478
c88a0d5e0aafb4237147041372332538f699bb24	5a4237b0db502f3e8f0cb7f383155d0cd14fc0bf	0fdd79e05904dacec4c9ebf254f03f313d7bbe8b408905030c4a4be79508de50	c4ee301a2774857a63b158e23aa14ea9d68bfad532d6429e2d05e91908c29427	False	Retrospective development preference; not an efficacy, safety or delivery prediction.	MSTN_ENST00000260950.5_0000789_0000808	ENST00000260950.5	789	808	AAUGCCUAAGUUGGAUUCAUU	UGAAUCCAACUUAGGCAUUUU	False	41572	RECORDED_OTHER_GENE_FULL_CORE_WITHIN_TWO_SUBSTITUTIONS	UNASSESSED — excluded from accelerated scope	UNASSESSED — excluded from accelerated scope	1	1	1	1756	1698	493	0	0	7724	7222	1945	0	0	7216	6750	1886	0	0	14633	3765	1	1	1	5402	5114	1301	0	0	11850	10953	2544	0	1	7624	7243	1871	0	1	21454	4844
c88a0d5e0aafb4237147041372332538f699bb24	5a4237b0db502f3e8f0cb7f383155d0cd14fc0bf	0fdd79e05904dacec4c9ebf254f03f313d7bbe8b408905030c4a4be79508de50	c4ee301a2774857a63b158e23aa14ea9d68bfad532d6429e2d05e91908c29427	False	Retrospective development preference; not an efficacy, safety or delivery prediction.	MSTN_ENST00000260950.5_0000790_0000809	ENST00000260950.5	790	809	CAAUGCCUAAGUUGGAUUCUU	GAAUCCAACUUAGGCAUUGUU	False	61537	RECORDED_OTHER_GENE_FULL_CORE_WITHIN_TWO_SUBSTITUTIONS;RECORDED_GDF11_CANONICAL_SEED_SITE	UNASSESSED — excluded from accelerated scope	UNASSESSED — excluded from accelerated scope	0	0	0	3088	3044	802	0	0	15292	13882	3143	0	1	7342	6901	1607	1	0	22105	4755	1	1	1	4640	4512	1080	0	0	19869	17753	3651	0	0	11306	10312	2345	0	0	29324	5729
c88a0d5e0aafb4237147041372332538f699bb24	5a4237b0db502f3e8f0cb7f383155d0cd14fc0bf	0fdd79e05904dacec4c9ebf254f03f313d7bbe8b408905030c4a4be79508de50	c4ee301a2774857a63b158e23aa14ea9d68bfad532d6429e2d05e91908c29427	False	Retrospective development preference; not an efficacy, safety or delivery prediction.	MSTN_ENST00000260950.5_0000791_0000810	ENST00000260950.5	791	810	UCAAUGCCUAAGUUGGAUUUU	AAUCCAACUUAGGCAUUGAUU	False	46812	RECORDED_OTHER_GENE_FULL_CORE_WITHIN_TWO_SUBSTITUTIONS;RECORDED_GDF11_CANONICAL_SEED_SITE	UNASSESSED — excluded from accelerated scope	UNASSESSED — excluded from accelerated scope	0	0	0	3335	3207	784	0	0	10177	9644	2239	2	0	9311	8722	2081	0	1	20222	4416	1	1	1	2315	2261	545	0	1	9045	8485	1984	0	1	12629	11666	2631	0	2	20784	4435
c88a0d5e0aafb4237147041372332538f699bb24	5a4237b0db502f3e8f0cb7f383155d0cd14fc0bf	0fdd79e05904dacec4c9ebf254f03f313d7bbe8b408905030c4a4be79508de50	c4ee301a2774857a63b158e23aa14ea9d68bfad532d6429e2d05e91908c29427	False	Retrospective development preference; not an efficacy, safety or delivery prediction.	MSTN_ENST00000260950.5_0000792_0000811	ENST00000260950.5	792	811	UUCAAUGCCUAAGUUGGAUUU	AUCCAACUUAGGCAUUGAAUU	True	57190		UNASSESSED — excluded from accelerated scope	UNASSESSED — excluded from accelerated scope	0	0	0	3769	3689	932	0	0	8877	8420	1952	0	1	16748	15267	3259	0	1	24835	5140	0	0	0	5410	5223	1316	0	0	11069	10403	2570	0	0	11317	10594	2453	0	0	23629	5169
c88a0d5e0aafb4237147041372332538f699bb24	5a4237b0db502f3e8f0cb7f383155d0cd14fc0bf	0fdd79e05904dacec4c9ebf254f03f313d7bbe8b408905030c4a4be79508de50	c4ee301a2774857a63b158e23aa14ea9d68bfad532d6429e2d05e91908c29427	False	Retrospective development preference; not an efficacy, safety or delivery prediction.	MSTN_ENST00000260950.5_0000793_0000812	ENST00000260950.5	793	812	UUUCAAUGCCUAAGUUGGAUU	UCCAACUUAGGCAUUGAAAUU	False	72776	RECORDED_OTHER_GENE_FULL_CORE_WITHIN_TWO_SUBSTITUTIONS;RECORDED_GDF11_CANONICAL_SEED_SITE	UNASSESSED — excluded from accelerated scope	UNASSESSED — excluded from accelerated scope	0	0	0	7511	7124	1641	0	1	13006	12024	2710	0	0	24905	20763	4278	1	0	34516	6548	1	1	1	5067	4892	1282	0	0	10875	10057	2321	0	2	11412	10695	2600	0	0	23244	5110
c88a0d5e0aafb4237147041372332538f699bb24	5a4237b0db502f3e8f0cb7f383155d0cd14fc0bf	0fdd79e05904dacec4c9ebf254f03f313d7bbe8b408905030c4a4be79508de50	c4ee301a2774857a63b158e23aa14ea9d68bfad532d6429e2d05e91908c29427	False	Retrospective development preference; not an efficacy, safety or delivery prediction.	MSTN_ENST00000260950.5_0000794_0000813	ENST00000260950.5	794	813	AUUUCAAUGCCUAAGUUGGUU	CCAACUUAGGCAUUGAAAUUU	False	102917	RECORDED_OTHER_GENE_FULL_CORE_WITHIN_TWO_SUBSTITUTIONS;RECORDED_GDF11_CANONICAL_SEED_SITE	UNASSESSED — excluded from accelerated scope	UNASSESSED — excluded from accelerated scope	0	0	0	11965	10896	2456	0	0	20451	17472	3689	1	1	42116	32633	6187	0	4	48879	8541	1	1	1	3792	3678	808	0	0	9096	8521	1986	0	2	15497	14038	3143	0	0	23967	4952
c88a0d5e0aafb4237147041372332538f699bb24	5a4237b0db502f3e8f0cb7f383155d0cd14fc0bf	0fdd79e05904dacec4c9ebf254f03f313d7bbe8b408905030c4a4be79508de50	c4ee301a2774857a63b158e23aa14ea9d68bfad532d6429e2d05e91908c29427	False	Retrospective development preference; not an efficacy, safety or delivery prediction.	MSTN_ENST00000260950.5_0000835_0000854	ENST00000260950.5	835	854	AGGUUACAGCAAGAUCAUGUU	CAUGAUCUUGCUGUAACCUUU	False	40630	RECORDED_OTHER_GENE_FULL_CORE_WITHIN_TWO_SUBSTITUTIONS;RECORDED_GDF11_CANONICAL_SEED_SITE	UNASSESSED — excluded from accelerated scope	UNASSESSED — excluded from accelerated scope	9	9	3	4630	4495	955	0	0	7284	7016	1621	0	0	5975	5734	1296	0	0	16346	3444	97	97	3	3086	3012	779	0	0	13891	12785	3124	0	0	5764	5542	1407	1	0	19861	4598
c88a0d5e0aafb4237147041372332538f699bb24	5a4237b0db502f3e8f0cb7f383155d0cd14fc0bf	0fdd79e05904dacec4c9ebf254f03f313d7bbe8b408905030c4a4be79508de50	c4ee301a2774857a63b158e23aa14ea9d68bfad532d6429e2d05e91908c29427	False	Retrospective development preference; not an efficacy, safety or delivery prediction.	MSTN_ENST00000260950.5_0000836_0000855	ENST00000260950.5	836	855	AAGGUUACAGCAAGAUCAUUU	AUGAUCUUGCUGUAACCUUUU	False	43562	RECORDED_OTHER_GENE_FULL_CORE_WITHIN_TWO_SUBSTITUTIONS;RECORDED_GDF11_CANONICAL_SEED_SITE	UNASSESSED — excluded from accelerated scope	UNASSESSED — excluded from accelerated scope	13	13	4	1379	1372	352	0	0	7020	6781	1610	0	0	7340	6898	1546	0	0	14308	3164	78	78	4	5066	4871	1286	0	1	13256	12126	3086	1	0	9501	8831	2305	1	0	23597	5476
c88a0d5e0aafb4237147041372332538f699bb24	5a4237b0db502f3e8f0cb7f383155d0cd14fc0bf	0fdd79e05904dacec4c9ebf254f03f313d7bbe8b408905030c4a4be79508de50	c4ee301a2774857a63b158e23aa14ea9d68bfad532d6429e2d05e91908c29427	False	Retrospective development preference; not an efficacy, safety or delivery prediction.	MSTN_ENST00000260950.5_0000837_0000856	ENST00000260950.5	837	856	GAAGGUUACAGCAAGAUCAUU	UGAUCUUGCUGUAACCUUCUU	False	51075	RECORDED_OTHER_GENE_FULL_CORE_WITHIN_TWO_SUBSTITUTIONS;RECORDED_GDF11_CANONICAL_SEED_SITE	UNASSESSED — excluded from accelerated scope	UNASSESSED — excluded from accelerated scope	7	7	2	2766	2731	654	0	1	11762	10673	2282	0	0	10167	9072	2123	0	0	20528	4294	1	1	1	5127	4919	1466	1	0	8058	7678	2255	1	0	13195	12157	2923	0	1	22785	5476
c88a0d5e0aafb4237147041372332538f699bb24	5a4237b0db502f3e8f0cb7f383155d0cd14fc0bf	0fdd79e05904dacec4c9ebf254f03f313d7bbe8b408905030c4a4be79508de50	c4ee301a2774857a63b158e23aa14ea9d68bfad532d6429e2d05e91908c29427	False	Retrospective development preference; not an efficacy, safety or delivery prediction.	MSTN_ENST00000260950.5_0000838_0000857	ENST00000260950.5	838	857	GGAAGGUUACAGCAAGAUCUU	GAUCUUGCUGUAACCUUCCUU	False	51558	RECORDED_OTHER_GENE_FULL_CORE_WITHIN_TWO_SUBSTITUTIONS;RECORDED_GDF11_CANONICAL_SEED_SITE	UNASSESSED — excluded from accelerated scope	UNASSESSED — excluded from accelerated scope	1	1	1	4439	4233	1084	1	0	9692	9101	2064	0	0	14122	13036	3047	0	0	24538	5272	1	1	1	3249	3212	681	0	0	9329	8684	2326	0	0	10727	9984	2368	0	1	20402	4624
c88a0d5e0aafb4237147041372332538f699bb24	5a4237b0db502f3e8f0cb7f383155d0cd14fc0bf	0fdd79e05904dacec4c9ebf254f03f313d7bbe8b408905030c4a4be79508de50	c4ee301a2774857a63b158e23aa14ea9d68bfad532d6429e2d05e91908c29427	False	Retrospective development preference; not an efficacy, safety or delivery prediction.	MSTN_ENST00000260950.5_0000839_0000858	ENST00000260950.5	839	858	GGGAAGGUUACAGCAAGAUUU	AUCUUGCUGUAACCUUCCCUU	False	81002	RECORDED_OTHER_GENE_FULL_CORE_WITHIN_TWO_SUBSTITUTIONS;RECORDED_GDF11_CANONICAL_SEED_SITE	UNASSESSED — excluded from accelerated scope	UNASSESSED — excluded from accelerated scope	1	1	1	5411	5233	1329	0	0	14762	13785	3152	1	0	23865	20902	4548	0	0	35408	7337	15	15	3	7241	6905	1791	0	0	18465	16498	3973	2	8	11258	10331	2639	0	0	30088	6670
c88a0d5e0aafb4237147041372332538f699bb24	5a4237b0db502f3e8f0cb7f383155d0cd14fc0bf	0fdd79e05904dacec4c9ebf254f03f313d7bbe8b408905030c4a4be79508de50	c4ee301a2774857a63b158e23aa14ea9d68bfad532d6429e2d05e91908c29427	False	Retrospective development preference; not an efficacy, safety or delivery prediction.	MSTN_ENST00000260950.5_0000840_0000859	ENST00000260950.5	840	859	UGGGAAGGUUACAGCAAGAUU	UCUUGCUGUAACCUUCCCAUU	False	112234	RECORDED_OTHER_GENE_FULL_CORE_WITHIN_TWO_SUBSTITUTIONS;RECORDED_GDF11_CANONICAL_SEED_SITE	UNASSESSED — excluded from accelerated scope	UNASSESSED — excluded from accelerated scope	3	3	1	11314	10443	2259	0	0	36402	29126	5358	0	0	23778	20426	4366	2	0	49836	8947	23	23	5	7005	6660	1698	1	0	15034	13647	3258	0	1	18701	16691	4046	1	8	32811	7059
c88a0d5e0aafb4237147041372332538f699bb24	5a4237b0db502f3e8f0cb7f383155d0cd14fc0bf	0fdd79e05904dacec4c9ebf254f03f313d7bbe8b408905030c4a4be79508de50	c4ee301a2774857a63b158e23aa14ea9d68bfad532d6429e2d05e91908c29427	False	Retrospective development preference; not an efficacy, safety or delivery prediction.	MSTN_ENST00000260950.5_0000841_0000860	ENST00000260950.5	841	860	CUGGGAAGGUUACAGCAAGUU	CUUGCUGUAACCUUCCCAGUU	False	91584	RECORDED_OTHER_GENE_FULL_CORE_WITHIN_TWO_SUBSTITUTIONS;RECORDED_GDF11_CANONICAL_SEED_SITE	UNASSESSED — excluded from accelerated scope	UNASSESSED — excluded from accelerated scope	14	14	3	7490	7120	1782	2	0	27602	23380	4753	0	0	17176	15419	3441	1	0	39828	7728	73	73	5	6701	6408	1702	1	0	14857	13447	3153	3	0	17758	15863	3776	1	0	31565	6690
c88a0d5e0aafb4237147041372332538f699bb24	5a4237b0db502f3e8f0cb7f383155d0cd14fc0bf	0fdd79e05904dacec4c9ebf254f03f313d7bbe8b408905030c4a4be79508de50	c4ee301a2774857a63b158e23aa14ea9d68bfad532d6429e2d05e91908c29427	False	Retrospective development preference; not an efficacy, safety or delivery prediction.	MSTN_ENST00000260950.5_0000842_0000861	ENST00000260950.5	842	861	CCUGGGAAGGUUACAGCAAUU	UUGCUGUAACCUUCCCAGGUU	False	86098	RECORDED_OTHER_GENE_FULL_CORE_WITHIN_TWO_SUBSTITUTIONS;RECORDED_GDF11_CANONICAL_SEED_SITE	UNASSESSED — excluded from accelerated scope	UNASSESSED — excluded from accelerated scope	5	5	4	8566	8146	1865	0	0	25450	22060	4766	0	0	19129	17012	4015	0	1	40915	8097	3	3	3	4536	4402	1115	0	0	11395	10565	2570	0	1	17022	15152	3619	4	0	27124	5979
c88a0d5e0aafb4237147041372332538f699bb24	5a4237b0db502f3e8f0cb7f383155d0cd14fc0bf	0fdd79e05904dacec4c9ebf254f03f313d7bbe8b408905030c4a4be79508de50	c4ee301a2774857a63b158e23aa14ea9d68bfad532d6429e2d05e91908c29427	False	Retrospective development preference; not an efficacy, safety or delivery prediction.	MSTN_ENST00000260950.5_0000843_0000862	ENST00000260950.5	843	862	UCCUGGGAAGGUUACAGCAUU	UGCUGUAACCUUCCCAGGAUU	False	99663	RECORDED_OTHER_GENE_FULL_CORE_WITHIN_TWO_SUBSTITUTIONS;RECORDED_GDF11_CANONICAL_SEED_SITE	UNASSESSED — excluded from accelerated scope	UNASSESSED — excluded from accelerated scope	12	12	2	10586	9817	2177	0	0	28670	23959	5101	0	0	35210	28269	5971	1	0	51027	9521	5	5	4	4558	4337	1117	0	0	9266	8750	1977	1	1	11373	10664	2572	0	1	22025	4745
c88a0d5e0aafb4237147041372332538f699bb24	5a4237b0db502f3e8f0cb7f383155d0cd14fc0bf	0fdd79e05904dacec4c9ebf254f03f313d7bbe8b408905030c4a4be79508de50	c4ee301a2774857a63b158e23aa14ea9d68bfad532d6429e2d05e91908c29427	False	Retrospective development preference; not an efficacy, safety or delivery prediction.	MSTN_ENST00000260950.5_0000844_0000863	ENST00000260950.5	844	863	GUCCUGGGAAGGUUACAGCUU	GCUGUAACCUUCCCAGGACUU	False	100724	RECORDED_OTHER_GENE_FULL_CORE_WITHIN_TWO_SUBSTITUTIONS;RECORDED_GDF11_CANONICAL_SEED_SITE	UNASSESSED — excluded from accelerated scope	UNASSESSED — excluded from accelerated scope	1	1	1	10762	9887	2243	1	0	35034	28375	5984	0	0	21499	19060	4302	1	0	48075	9205	4	4	3	4253	4111	994	0	0	9220	8688	2048	1	0	19956	17594	4081	0	0	27390	5881
c88a0d5e0aafb4237147041372332538f699bb24	5a4237b0db502f3e8f0cb7f383155d0cd14fc0bf	0fdd79e05904dacec4c9ebf254f03f313d7bbe8b408905030c4a4be79508de50	c4ee301a2774857a63b158e23aa14ea9d68bfad532d6429e2d05e91908c29427	False	Retrospective development preference; not an efficacy, safety or delivery prediction.	MSTN_ENST00000260950.5_0000845_0000864	ENST00000260950.5	845	864	GGUCCUGGGAAGGUUACAGUU	CUGUAACCUUCCCAGGACCUU	False	60227	RECORDED_OTHER_GENE_FULL_CORE_WITHIN_TWO_SUBSTITUTIONS;RECORDED_GDF11_CANONICAL_SEED_SITE	UNASSESSED — excluded from accelerated scope	UNASSESSED — excluded from accelerated scope	10	10	2	7770	7322	1814	0	0	17715	15722	3416	0	0	15601	14309	3146	0	1	32810	6596	3	3	3	2035	2012	504	0	0	7208	6923	1607	1	0	9898	9180	2012	1	0	16996	3607
c88a0d5e0aafb4237147041372332538f699bb24	5a4237b0db502f3e8f0cb7f383155d0cd14fc0bf	0fdd79e05904dacec4c9ebf254f03f313d7bbe8b408905030c4a4be79508de50	c4ee301a2774857a63b158e23aa14ea9d68bfad532d6429e2d05e91908c29427	False	Retrospective development preference; not an efficacy, safety or delivery prediction.	MSTN_ENST00000260950.5_0000846_0000865	ENST00000260950.5	846	865	UGGUCCUGGGAAGGUUACAUU	UGUAACCUUCCCAGGACCAUU	False	46077	RECORDED_OTHER_GENE_FULL_CORE_WITHIN_TWO_SUBSTITUTIONS;RECORDED_GDF11_CANONICAL_SEED_SITE	UNASSESSED — excluded from accelerated scope	UNASSESSED — excluded from accelerated scope	25	25	5	6140	5921	1368	0	0	15137	13571	2950	1	0	10840	10123	2494	1	0	26950	5644	2	2	2	3188	3088	725	1	0	4717	4424	995	0	0	6055	5904	1413	0	0	12724	2807
c88a0d5e0aafb4237147041372332538f699bb24	5a4237b0db502f3e8f0cb7f383155d0cd14fc0bf	0fdd79e05904dacec4c9ebf254f03f313d7bbe8b408905030c4a4be79508de50	c4ee301a2774857a63b158e23aa14ea9d68bfad532d6429e2d05e91908c29427	False	Retrospective development preference; not an efficacy, safety or delivery prediction.	MSTN_ENST00000260950.5_0000847_0000866	ENST00000260950.5	847	866	CUGGUCCUGGGAAGGUUACUU	GUAACCUUCCCAGGACCAGUU	False	46608	RECORDED_OTHER_GENE_FULL_CORE_WITHIN_TWO_SUBSTITUTIONS;RECORDED_GDF11_CANONICAL_SEED_SITE	UNASSESSED — excluded from accelerated scope	UNASSESSED — excluded from accelerated scope	3	3	2	3742	3670	922	0	0	13238	12290	2865	1	0	8246	7823	1839	0	1	21834	4837	49	49	3	4245	4084	996	0	0	8628	7811	1775	2	0	8509	7981	1822	2	0	18184	3821
c88a0d5e0aafb4237147041372332538f699bb24	5a4237b0db502f3e8f0cb7f383155d0cd14fc0bf	0fdd79e05904dacec4c9ebf254f03f313d7bbe8b408905030c4a4be79508de50	c4ee301a2774857a63b158e23aa14ea9d68bfad532d6429e2d05e91908c29427	False	Retrospective development preference; not an efficacy, safety or delivery prediction.	MSTN_ENST00000260950.5_0000848_0000867	ENST00000260950.5	848	867	CCUGGUCCUGGGAAGGUUAUU	UAACCUUCCCAGGACCAGGUU	False	54741	RECORDED_OTHER_GENE_FULL_CORE_WITHIN_TWO_SUBSTITUTIONS;RECORDED_GDF11_CANONICAL_SEED_SITE	UNASSESSED — excluded from accelerated scope	UNASSESSED — excluded from accelerated scope	16	16	7	5116	4946	1214	0	0	15362	14062	3000	0	0	10284	9636	2352	0	0	26132	5523	62	62	3	2372	2347	635	2	0	11106	10431	2431	1	1	10501	9435	2078	0	0	20402	4396
c88a0d5e0aafb4237147041372332538f699bb24	5a4237b0db502f3e8f0cb7f383155d0cd14fc0bf	0fdd79e05904dacec4c9ebf254f03f313d7bbe8b408905030c4a4be79508de50	c4ee301a2774857a63b158e23aa14ea9d68bfad532d6429e2d05e91908c29427	False	Retrospective development preference; not an efficacy, safety or delivery prediction.	MSTN_ENST00000260950.5_0000849_0000868	ENST00000260950.5	849	868	UCCUGGUCCUGGGAAGGUUUU	AACCUUCCCAGGACCAGGAUU	False	58021	RECORDED_OTHER_GENE_FULL_CORE_WITHIN_TWO_SUBSTITUTIONS;RECORDED_GDF11_CANONICAL_SEED_SITE	UNASSESSED — excluded from accelerated scope	UNASSESSED — excluded from accelerated scope	25	25	10	5212	5047	1209	0	0	11808	10801	2688	0	0	15535	14332	3294	0	0	27021	5918	16	16	4	3000	2923	764	0	0	14280	13123	3010	2	1	8186	7676	1845	0	0	22019	4879
c88a0d5e0aafb4237147041372332538f699bb24	5a4237b0db502f3e8f0cb7f383155d0cd14fc0bf	0fdd79e05904dacec4c9ebf254f03f313d7bbe8b408905030c4a4be79508de50	c4ee301a2774857a63b158e23aa14ea9d68bfad532d6429e2d05e91908c29427	False	Retrospective development preference; not an efficacy, safety or delivery prediction.	MSTN_ENST00000260950.5_0000852_0000871	ENST00000260950.5	852	871	UUCUCCUGGUCCUGGGAAGUU	CUUCCCAGGACCAGGAGAAUU	False	126437	RECORDED_OTHER_GENE_FULL_CORE_WITHIN_TWO_SUBSTITUTIONS;RECORDED_GDF11_CANONICAL_SEED_SITE	UNASSESSED — excluded from accelerated scope	UNASSESSED — excluded from accelerated scope	20	20	10	15946	13863	3800	0	0	22796	19575	4673	1	0	25371	21640	5153	3	1	45165	9394	21	21	13	10493	9954	2221	0	1	24396	21088	4534	0	0	27435	23093	4930	1	1	46924	8772
c88a0d5e0aafb4237147041372332538f699bb24	5a4237b0db502f3e8f0cb7f383155d0cd14fc0bf	0fdd79e05904dacec4c9ebf254f03f313d7bbe8b408905030c4a4be79508de50	c4ee301a2774857a63b158e23aa14ea9d68bfad532d6429e2d05e91908c29427	False	Retrospective development preference; not an efficacy, safety or delivery prediction.	MSTN_ENST00000260950.5_0000853_0000872	ENST00000260950.5	853	872	CUUCUCCUGGUCCUGGGAAUU	UUCCCAGGACCAGGAGAAGUU	False	130695	RECORDED_OTHER_GENE_FULL_CORE_WITHIN_TWO_SUBSTITUTIONS;RECORDED_GDF11_CANONICAL_SEED_SITE	UNASSESSED — excluded from accelerated scope	UNASSESSED — excluded from accelerated scope	17	17	10	12336	11376	2788	1	0	28981	23995	5924	2	1	24470	21264	4898	1	0	46849	9572	15	15	7	10046	9404	2188	0	0	30019	25098	5402	0	0	24843	21795	4573	0	1	47570	9043
c88a0d5e0aafb4237147041372332538f699bb24	5a4237b0db502f3e8f0cb7f383155d0cd14fc0bf	0fdd79e05904dacec4c9ebf254f03f313d7bbe8b408905030c4a4be79508de50	c4ee301a2774857a63b158e23aa14ea9d68bfad532d6429e2d05e91908c29427	False	Retrospective development preference; not an efficacy, safety or delivery prediction.	MSTN_ENST00000260950.5_0000854_0000873	ENST00000260950.5	854	873	UCUUCUCCUGGUCCUGGGAUU	UCCCAGGACCAGGAGAAGAUU	False	128992	RECORDED_OTHER_GENE_FULL_CORE_WITHIN_TWO_SUBSTITUTIONS;RECORDED_GDF11_CANONICAL_SEED_SITE	UNASSESSED — excluded from accelerated scope	UNASSESSED — excluded from accelerated scope	163	163	23	9752	8957	2487	1	0	23233	19788	4672	0	0	21450	18752	4497	0	8	40436	8551	17	17	15	10286	9639	2139	0	0	34492	27346	5824	0	0	29779	24515	5359	0	0	50422	9571
c88a0d5e0aafb4237147041372332538f699bb24	5a4237b0db502f3e8f0cb7f383155d0cd14fc0bf	0fdd79e05904dacec4c9ebf254f03f313d7bbe8b408905030c4a4be79508de50	c4ee301a2774857a63b158e23aa14ea9d68bfad532d6429e2d05e91908c29427	False	Retrospective development preference; not an efficacy, safety or delivery prediction.	MSTN_ENST00000260950.5_0000855_0000874	ENST00000260950.5	855	874	AUCUUCUCCUGGUCCUGGGUU	CCCAGGACCAGGAGAAGAUUU	False	121585	RECORDED_OTHER_GENE_FULL_CORE_WITHIN_TWO_SUBSTITUTIONS;RECORDED_GDF11_CANONICAL_SEED_SITE	UNASSESSED — excluded from accelerated scope	UNASSESSED — excluded from accelerated scope	208	208	31	10177	9421	2537	1	0	21025	18319	4462	0	8	35530	26837	6070	1	0	45303	9232	18	18	14	5865	5631	1342	1	0	21048	18047	3530	0	1	27940	24266	5248	1	0	41405	7882
c88a0d5e0aafb4237147041372332538f699bb24	5a4237b0db502f3e8f0cb7f383155d0cd14fc0bf	0fdd79e05904dacec4c9ebf254f03f313d7bbe8b408905030c4a4be79508de50	c4ee301a2774857a63b158e23aa14ea9d68bfad532d6429e2d05e91908c29427	False	Retrospective development preference; not an efficacy, safety or delivery prediction.	MSTN_ENST00000260950.5_0000856_0000875	ENST00000260950.5	856	875	CAUCUUCUCCUGGUCCUGGUU	CCAGGACCAGGAGAAGAUGUU	False	69430	RECORDED_OTHER_GENE_FULL_CORE_WITHIN_TWO_SUBSTITUTIONS;RECORDED_GDF11_CANONICAL_SEED_SITE	UNASSESSED — excluded from accelerated scope	UNASSESSED — excluded from accelerated scope	216	214	44	6183	5858	1523	0	0	19854	17251	4240	1	0	11699	10671	2476	0	1	30101	6501	36	36	19	3839	3721	957	0	0	16511	14708	3034	1	0	11344	10549	2541	0	0	26492	5502
c88a0d5e0aafb4237147041372332538f699bb24	5a4237b0db502f3e8f0cb7f383155d0cd14fc0bf	0fdd79e05904dacec4c9ebf254f03f313d7bbe8b408905030c4a4be79508de50	c4ee301a2774857a63b158e23aa14ea9d68bfad532d6429e2d05e91908c29427	False	Retrospective development preference; not an efficacy, safety or delivery prediction.	MSTN_ENST00000260950.5_0000857_0000876	ENST00000260950.5	857	876	CCAUCUUCUCCUGGUCCUGUU	CAGGACCAGGAGAAGAUGGUU	False	71072	RECORDED_OTHER_GENE_FULL_CORE_WITHIN_TWO_SUBSTITUTIONS;RECORDED_GDF11_CANONICAL_SEED_SITE	UNASSESSED — excluded from accelerated scope	UNASSESSED — excluded from accelerated scope	177	177	27	9508	8535	2230	0	0	19006	16807	4013	1	1	20540	18355	4100	2	0	37972	7731	44	44	20	2254	2209	575	0	0	15723	14496	3022	0	0	4041	3957	979	0	0	19536	4134
c88a0d5e0aafb4237147041372332538f699bb24	5a4237b0db502f3e8f0cb7f383155d0cd14fc0bf	0fdd79e05904dacec4c9ebf254f03f313d7bbe8b408905030c4a4be79508de50	c4ee301a2774857a63b158e23aa14ea9d68bfad532d6429e2d05e91908c29427	False	Retrospective development preference; not an efficacy, safety or delivery prediction.	MSTN_ENST00000260950.5_0000858_0000877	ENST00000260950.5	858	877	CCCAUCUUCUCCUGGUCCUUU	AGGACCAGGAGAAGAUGGGUU	False	70702	RECORDED_OTHER_GENE_FULL_CORE_WITHIN_TWO_SUBSTITUTIONS;RECORDED_GDF11_CANONICAL_SEED_SITE	UNASSESSED — excluded from accelerated scope	UNASSESSED — excluded from accelerated scope	79	79	15	7476	7067	1886	0	0	16269	14897	3633	1	1	20060	17674	4323	0	0	35351	7604	15	15	7	4205	4023	930	0	0	14277	12892	2588	0	0	8415	7931	1997	0	0	22641	4742
c88a0d5e0aafb4237147041372332538f699bb24	5a4237b0db502f3e8f0cb7f383155d0cd14fc0bf	0fdd79e05904dacec4c9ebf254f03f313d7bbe8b408905030c4a4be79508de50	c4ee301a2774857a63b158e23aa14ea9d68bfad532d6429e2d05e91908c29427	False	Retrospective development preference; not an efficacy, safety or delivery prediction.	MSTN_ENST00000260950.5_0000860_0000879	ENST00000260950.5	860	879	AGCCCAUCUUCUCCUGGUCUU	GACCAGGAGAAGAUGGGCUUU	False	53284	RECORDED_OTHER_GENE_FULL_CORE_WITHIN_TWO_SUBSTITUTIONS;RECORDED_GDF11_CANONICAL_SEED_SITE	UNASSESSED — excluded from accelerated scope	UNASSESSED — excluded from accelerated scope	142	142	14	4198	4026	1089	0	0	8215	7779	1872	0	0	11030	10305	2599	2	0	20627	4760	15	11	7	3007	2971	761	0	0	19012	16969	3750	0	1	7822	7571	1804	0	0	25446	5445
c88a0d5e0aafb4237147041372332538f699bb24	5a4237b0db502f3e8f0cb7f383155d0cd14fc0bf	0fdd79e05904dacec4c9ebf254f03f313d7bbe8b408905030c4a4be79508de50	c4ee301a2774857a63b158e23aa14ea9d68bfad532d6429e2d05e91908c29427	False	Retrospective development preference; not an efficacy, safety or delivery prediction.	MSTN_ENST00000260950.5_0000861_0000880	ENST00000260950.5	861	880	CAGCCCAUCUUCUCCUGGUUU	ACCAGGAGAAGAUGGGCUGUU	False	91563	RECORDED_OTHER_GENE_FULL_CORE_WITHIN_TWO_SUBSTITUTIONS;RECORDED_GDF11_CANONICAL_SEED_SITE	UNASSESSED — excluded from accelerated scope	UNASSESSED — excluded from accelerated scope	110	110	18	1933	1905	533	0	0	11916	11076	2690	0	0	7839	7484	1787	1	0	19084	4400	56	52	15	10445	9922	2269	0	0	36070	28465	6070	0	0	23360	20794	4585	2	0	49367	9482
c88a0d5e0aafb4237147041372332538f699bb24	5a4237b0db502f3e8f0cb7f383155d0cd14fc0bf	0fdd79e05904dacec4c9ebf254f03f313d7bbe8b408905030c4a4be79508de50	c4ee301a2774857a63b158e23aa14ea9d68bfad532d6429e2d05e91908c29427	False	Retrospective development preference; not an efficacy, safety or delivery prediction.	MSTN_ENST00000260950.5_0000862_0000881	ENST00000260950.5	862	881	UCAGCCCAUCUUCUCCUGGUU	CCAGGAGAAGAUGGGCUGAUU	False	116260	RECORDED_OTHER_GENE_FULL_CORE_WITHIN_TWO_SUBSTITUTIONS;RECORDED_GDF11_CANONICAL_SEED_SITE	UNASSESSED — excluded from accelerated scope	UNASSESSED — excluded from accelerated scope	36	36	6	6083	5868	1389	0	1	27079	22188	4297	0	0	13526	12286	2722	0	0	35073	6640	12	8	5	8656	8121	2131	1	0	33966	28112	6262	1	0	26950	21940	5397	0	0	45923	9353
c88a0d5e0aafb4237147041372332538f699bb24	5a4237b0db502f3e8f0cb7f383155d0cd14fc0bf	0fdd79e05904dacec4c9ebf254f03f313d7bbe8b408905030c4a4be79508de50	c4ee301a2774857a63b158e23aa14ea9d68bfad532d6429e2d05e91908c29427	False	Retrospective development preference; not an efficacy, safety or delivery prediction.	MSTN_ENST00000260950.5_0000863_0000882	ENST00000260950.5	863	882	UUCAGCCCAUCUUCUCCUGUU	CAGGAGAAGAUGGGCUGAAUU	False	87107	RECORDED_OTHER_GENE_FULL_CORE_WITHIN_TWO_SUBSTITUTIONS;RECORDED_GDF11_CANONICAL_SEED_SITE	UNASSESSED — excluded from accelerated scope	UNASSESSED — excluded from accelerated scope	29	29	7	3939	3827	967	0	0	15670	14081	3061	0	1	14223	13189	3249	2	0	28622	6110	1	1	1	5549	5322	1306	0	0	38139	30916	6632	3	0	9587	9098	2304	1	0	40947	8325
c88a0d5e0aafb4237147041372332538f699bb24	5a4237b0db502f3e8f0cb7f383155d0cd14fc0bf	0fdd79e05904dacec4c9ebf254f03f313d7bbe8b408905030c4a4be79508de50	c4ee301a2774857a63b158e23aa14ea9d68bfad532d6429e2d05e91908c29427	False	Retrospective development preference; not an efficacy, safety or delivery prediction.	MSTN_ENST00000260950.5_0000864_0000883	ENST00000260950.5	864	883	AUUCAGCCCAUCUUCUCCUUU	AGGAGAAGAUGGGCUGAAUUU	False	93707	RECORDED_OTHER_GENE_FULL_CORE_WITHIN_TWO_SUBSTITUTIONS;RECORDED_GDF11_CANONICAL_SEED_SITE	UNASSESSED — excluded from accelerated scope	UNASSESSED — excluded from accelerated scope	30	30	7	5256	5135	1288	0	0	12906	11959	3000	2	0	17358	15734	3582	2	0	29438	6381	11	11	8	10343	9611	2144	1	0	24510	21226	4352	1	0	23334	20665	4645	0	0	44552	8556
c88a0d5e0aafb4237147041372332538f699bb24	5a4237b0db502f3e8f0cb7f383155d0cd14fc0bf	0fdd79e05904dacec4c9ebf254f03f313d7bbe8b408905030c4a4be79508de50	c4ee301a2774857a63b158e23aa14ea9d68bfad532d6429e2d05e91908c29427	False	Retrospective development preference; not an efficacy, safety or delivery prediction.	MSTN_ENST00000260950.5_0000865_0000884	ENST00000260950.5	865	884	GAUUCAGCCCAUCUUCUCCUU	GGAGAAGAUGGGCUGAAUCUU	False	82392	RECORDED_OTHER_GENE_FULL_CORE_WITHIN_TWO_SUBSTITUTIONS;RECORDED_GDF11_CANONICAL_SEED_SITE	UNASSESSED — excluded from accelerated scope	UNASSESSED — excluded from accelerated scope	3	3	2	4201	4084	868	1	0	12470	11565	2609	0	0	16451	14890	3235	0	0	27759	5602	6	6	4	7943	7532	1763	0	0	22437	19778	4248	2	0	18890	16979	3880	0	0	38826	7723
c88a0d5e0aafb4237147041372332538f699bb24	5a4237b0db502f3e8f0cb7f383155d0cd14fc0bf	0fdd79e05904dacec4c9ebf254f03f313d7bbe8b408905030c4a4be79508de50	c4ee301a2774857a63b158e23aa14ea9d68bfad532d6429e2d05e91908c29427	False	Retrospective development preference; not an efficacy, safety or delivery prediction.	MSTN_ENST00000260950.5_0000866_0000885	ENST00000260950.5	866	885	GGAUUCAGCCCAUCUUCUCUU	GAGAAGAUGGGCUGAAUCCUU	False	65965	RECORDED_OTHER_GENE_FULL_CORE_WITHIN_TWO_SUBSTITUTIONS;RECORDED_GDF11_CANONICAL_SEED_SITE	UNASSESSED — excluded from accelerated scope	UNASSESSED — excluded from accelerated scope	1	1	1	4702	4598	1105	0	0	9980	9428	2268	0	0	13180	12050	2701	0	2	23686	5057	8	8	7	4300	4176	1103	0	0	17441	15675	3606	0	1	16362	14992	3368	1	0	31171	6502
c88a0d5e0aafb4237147041372332538f699bb24	5a4237b0db502f3e8f0cb7f383155d0cd14fc0bf	0fdd79e05904dacec4c9ebf254f03f313d7bbe8b408905030c4a4be79508de50	c4ee301a2774857a63b158e23aa14ea9d68bfad532d6429e2d05e91908c29427	False	Retrospective development preference; not an efficacy, safety or delivery prediction.	MSTN_ENST00000260950.5_0001038_0001057	ENST00000260950.5	1038	1057	GUAAUUGGCCUUAUAUCUUUU	AAGAUAUAAGGCCAAUUACUU	False	51103	RECORDED_OTHER_GENE_FULL_CORE_WITHIN_TWO_SUBSTITUTIONS	UNASSESSED — excluded from accelerated scope	UNASSESSED — excluded from accelerated scope	89	89	5	3500	3434	774	0	0	5890	5620	1450	0	1	13113	12048	2678	0	0	19530	4192	0	0	0	4757	4476	977	0	0	13977	12363	2656	0	0	9866	9070	2179	0	0	23082	4734
c88a0d5e0aafb4237147041372332538f699bb24	5a4237b0db502f3e8f0cb7f383155d0cd14fc0bf	0fdd79e05904dacec4c9ebf254f03f313d7bbe8b408905030c4a4be79508de50	c4ee301a2774857a63b158e23aa14ea9d68bfad532d6429e2d05e91908c29427	False	Retrospective development preference; not an efficacy, safety or delivery prediction.	MSTN_ENST00000260950.5_0001039_0001058	ENST00000260950.5	1039	1058	AGUAAUUGGCCUUAUAUCUUU	AGAUAUAAGGCCAAUUACUUU	False	52717	RECORDED_GDF11_CANONICAL_SEED_SITE	UNASSESSED — excluded from accelerated scope	UNASSESSED — excluded from accelerated scope	0	0	0	2668	2598	736	1	1	5112	4982	1273	0	1	19796	16897	3670	0	0	22509	4854	0	0	0	5170	4823	1181	0	0	9810	9117	2072	1	0	10161	9316	2124	0	1	20668	4339
c88a0d5e0aafb4237147041372332538f699bb24	5a4237b0db502f3e8f0cb7f383155d0cd14fc0bf	0fdd79e05904dacec4c9ebf254f03f313d7bbe8b408905030c4a4be79508de50	c4ee301a2774857a63b158e23aa14ea9d68bfad532d6429e2d05e91908c29427	False	Retrospective development preference; not an efficacy, safety or delivery prediction.	MSTN_ENST00000260950.5_0001040_0001059	ENST00000260950.5	1040	1059	CAGUAAUUGGCCUUAUAUCUU	GAUAUAAGGCCAAUUACUGUU	False	79223	RECORDED_GDF11_CANONICAL_SEED_SITE	UNASSESSED — excluded from accelerated scope	UNASSESSED — excluded from accelerated scope	0	0	0	5279	5109	1012	2	0	16695	14641	3129	0	0	8588	8018	1865	0	0	24610	4878	0	0	0	4344	4244	1005	1	0	10538	9600	2253	0	0	33779	25984	4720	0	0	34556	6230
c88a0d5e0aafb4237147041372332538f699bb24	5a4237b0db502f3e8f0cb7f383155d0cd14fc0bf	0fdd79e05904dacec4c9ebf254f03f313d7bbe8b408905030c4a4be79508de50	c4ee301a2774857a63b158e23aa14ea9d68bfad532d6429e2d05e91908c29427	False	Retrospective development preference; not an efficacy, safety or delivery prediction.	MSTN_ENST00000260950.5_0001041_0001060	ENST00000260950.5	1041	1060	GCAGUAAUUGGCCUUAUAUUU	AUAUAAGGCCAAUUACUGCUU	False	57456	RECORDED_OTHER_GENE_FULL_CORE_WITHIN_TWO_SUBSTITUTIONS	UNASSESSED — excluded from accelerated scope	UNASSESSED — excluded from accelerated scope	3	3	2	4779	4578	1065	0	0	13717	12470	2619	0	0	15709	14139	3027	0	0	27623	5416	0	0	0	3081	3010	875	0	0	7339	6978	1643	0	0	12831	11348	2668	0	0	19478	4367
c88a0d5e0aafb4237147041372332538f699bb24	5a4237b0db502f3e8f0cb7f383155d0cd14fc0bf	0fdd79e05904dacec4c9ebf254f03f313d7bbe8b408905030c4a4be79508de50	c4ee301a2774857a63b158e23aa14ea9d68bfad532d6429e2d05e91908c29427	False	Retrospective development preference; not an efficacy, safety or delivery prediction.	MSTN_ENST00000260950.5_0001042_0001061	ENST00000260950.5	1042	1061	AGCAGUAAUUGGCCUUAUAUU	UAUAAGGCCAAUUACUGCUUU	False	45582	RECORDED_OTHER_GENE_FULL_CORE_WITHIN_TWO_SUBSTITUTIONS	UNASSESSED — excluded from accelerated scope	UNASSESSED — excluded from accelerated scope	5	5	3	5068	4837	1139	0	0	9350	8821	1822	0	0	10692	9960	2309	0	0	21686	4485	1	1	1	2399	2338	573	0	0	10052	9438	1963	0	1	8021	7555	1883	0	0	18138	3902
c88a0d5e0aafb4237147041372332538f699bb24	5a4237b0db502f3e8f0cb7f383155d0cd14fc0bf	0fdd79e05904dacec4c9ebf254f03f313d7bbe8b408905030c4a4be79508de50	c4ee301a2774857a63b158e23aa14ea9d68bfad532d6429e2d05e91908c29427	False	Retrospective development preference; not an efficacy, safety or delivery prediction.	MSTN_ENST00000260950.5_0001043_0001062	ENST00000260950.5	1043	1062	GAGCAGUAAUUGGCCUUAUUU	AUAAGGCCAAUUACUGCUCUU	False	46874	RECORDED_OTHER_GENE_FULL_CORE_WITHIN_TWO_SUBSTITUTIONS	UNASSESSED — excluded from accelerated scope	UNASSESSED — excluded from accelerated scope	4	4	2	2784	2754	631	0	0	12862	11909	2527	0	0	8811	8406	2039	0	1	21386	4451	1	1	1	3165	3139	624	0	0	7292	7005	1570	0	1	11960	11204	2211	0	0	20197	3923
c88a0d5e0aafb4237147041372332538f699bb24	5a4237b0db502f3e8f0cb7f383155d0cd14fc0bf	0fdd79e05904dacec4c9ebf254f03f313d7bbe8b408905030c4a4be79508de50	c4ee301a2774857a63b158e23aa14ea9d68bfad532d6429e2d05e91908c29427	False	Retrospective development preference; not an efficacy, safety or delivery prediction.	MSTN_ENST00000260950.5_0001231_0001250	ENST00000260950.5	1231	1250	CACAGCGGUCUACUACCAUUU	AUGGUAGUAGACCGCUGUGUU	False	26751	RECORDED_OTHER_GENE_FULL_CORE_WITHIN_TWO_SUBSTITUTIONS	UNASSESSED — excluded from accelerated scope	UNASSESSED — excluded from accelerated scope	0	0	0	701	697	154	0	0	5016	4754	1065	0	0	2013	2002	446	0	0	7287	1586	1	1	1	2082	2049	574	0	0	7923	7559	1799	0	0	9016	8606	2027	0	0	16639	3850
c88a0d5e0aafb4237147041372332538f699bb24	5a4237b0db502f3e8f0cb7f383155d0cd14fc0bf	0fdd79e05904dacec4c9ebf254f03f313d7bbe8b408905030c4a4be79508de50	c4ee301a2774857a63b158e23aa14ea9d68bfad532d6429e2d05e91908c29427	False	Retrospective development preference; not an efficacy, safety or delivery prediction.	MSTN_ENST00000260950.5_0001232_0001251	ENST00000260950.5	1232	1251	CCACAGCGGUCUACUACCAUU	UGGUAGUAGACCGCUGUGGUU	False	47787	RECORDED_OTHER_GENE_FULL_CORE_WITHIN_TWO_SUBSTITUTIONS;RECORDED_GDF11_CANONICAL_SEED_SITE	UNASSESSED — excluded from accelerated scope	UNASSESSED — excluded from accelerated scope	0	0	0	1225	1218	291	0	0	6303	5895	1408	1	0	25772	22753	4608	0	0	28336	5698	17	17	1	2601	2567	575	0	0	4482	4357	1057	0	0	7404	7045	1801	0	0	13261	3084
c88a0d5e0aafb4237147041372332538f699bb24	5a4237b0db502f3e8f0cb7f383155d0cd14fc0bf	0fdd79e05904dacec4c9ebf254f03f313d7bbe8b408905030c4a4be79508de50	c4ee301a2774857a63b158e23aa14ea9d68bfad532d6429e2d05e91908c29427	False	Retrospective development preference; not an efficacy, safety or delivery prediction.	MSTN_ENST00000260950.5_0001234_0001253	ENST00000260950.5	1234	1253	ACCCACAGCGGUCUACUACUU	GUAGUAGACCGCUGUGGGUUU	False	74090	RECORDED_GDF11_CANONICAL_SEED_SITE	UNASSESSED — excluded from accelerated scope	UNASSESSED — excluded from accelerated scope	0	0	0	8811	8408	1959	1	0	24599	20832	4162	0	1	17206	14791	3392	1	2	38532	7487	0	0	0	11197	9720	2825	1	0	6246	5946	1469	0	0	6031	5799	1406	1	0	19667	4752
c88a0d5e0aafb4237147041372332538f699bb24	5a4237b0db502f3e8f0cb7f383155d0cd14fc0bf	0fdd79e05904dacec4c9ebf254f03f313d7bbe8b408905030c4a4be79508de50	c4ee301a2774857a63b158e23aa14ea9d68bfad532d6429e2d05e91908c29427	False	Retrospective development preference; not an efficacy, safety or delivery prediction.	MSTN_ENST00000260950.5_0001235_0001254	ENST00000260950.5	1235	1254	CACCCACAGCGGUCUACUAUU	UAGUAGACCGCUGUGGGUGUU	False	52312	RECORDED_GDF11_CANONICAL_SEED_SITE	UNASSESSED — excluded from accelerated scope	UNASSESSED — excluded from accelerated scope	0	0	0	3632	3566	813	0	0	18461	16172	3313	0	0	6164	5942	1329	2	0	23705	4761	0	0	0	1379	1368	382	0	0	6612	6418	1724	0	0	16064	13917	3679	1	0	20384	5103
c88a0d5e0aafb4237147041372332538f699bb24	5a4237b0db502f3e8f0cb7f383155d0cd14fc0bf	0fdd79e05904dacec4c9ebf254f03f313d7bbe8b408905030c4a4be79508de50	c4ee301a2774857a63b158e23aa14ea9d68bfad532d6429e2d05e91908c29427	False	Retrospective development preference; not an efficacy, safety or delivery prediction.	MSTN_ENST00000260950.5_0002232_0002251	ENST00000260950.5	2232	2251	GGAGACACUUAUUUACAAAUU	UUUGUAAAUAAGUGUCUCCUU	False	86456	RECORDED_OTHER_GENE_FULL_CORE_WITHIN_TWO_SUBSTITUTIONS;RECORDED_GDF11_CANONICAL_SEED_SITE	UNASSESSED — excluded from accelerated scope	UNASSESSED — excluded from accelerated scope	0	0	0	4659	4483	1164	0	0	11521	10791	2408	0	0	20544	18202	4585	0	2	30235	6778	2	2	2	13217	11839	2588	0	1	18034	15782	3340	1	1	18481	16367	3560	1	1	37048	6998
c88a0d5e0aafb4237147041372332538f699bb24	5a4237b0db502f3e8f0cb7f383155d0cd14fc0bf	0fdd79e05904dacec4c9ebf254f03f313d7bbe8b408905030c4a4be79508de50	c4ee301a2774857a63b158e23aa14ea9d68bfad532d6429e2d05e91908c29427	False	Retrospective development preference; not an efficacy, safety or delivery prediction.	MSTN_ENST00000260950.5_0002233_0002252	ENST00000260950.5	2233	2252	AGGAGACACUUAUUUACAAUU	UUGUAAAUAAGUGUCUCCUUU	False	86678	RECORDED_OTHER_GENE_FULL_CORE_WITHIN_TWO_SUBSTITUTIONS;RECORDED_GDF11_CANONICAL_SEED_SITE	UNASSESSED — excluded from accelerated scope	UNASSESSED — excluded from accelerated scope	1	1	1	7690	7430	1823	0	0	17533	16017	3595	0	0	11222	10409	2670	0	0	30114	6548	3	3	2	7382	6856	1691	0	1	18982	16414	3538	2	1	23869	20421	4070	1	1	36745	6887
c88a0d5e0aafb4237147041372332538f699bb24	5a4237b0db502f3e8f0cb7f383155d0cd14fc0bf	0fdd79e05904dacec4c9ebf254f03f313d7bbe8b408905030c4a4be79508de50	c4ee301a2774857a63b158e23aa14ea9d68bfad532d6429e2d05e91908c29427	False	Retrospective development preference; not an efficacy, safety or delivery prediction.	MSTN_ENST00000260950.5_0002234_0002253	ENST00000260950.5	2234	2253	AAGGAGACACUUAUUUACAUU	UGUAAAUAAGUGUCUCCUUUU	False	73571	RECORDED_OTHER_GENE_FULL_CORE_WITHIN_TWO_SUBSTITUTIONS;RECORDED_GDF11_CANONICAL_SEED_SITE	UNASSESSED — excluded from accelerated scope	UNASSESSED — excluded from accelerated scope	14	14	4	2719	2646	691	1	0	19237	17465	3710	0	1	12417	11553	2822	0	0	29068	6112	2	2	1	9173	8325	1824	0	1	12834	11841	2564	0	0	17191	14973	3410	2	1	30079	5958
c88a0d5e0aafb4237147041372332538f699bb24	5a4237b0db502f3e8f0cb7f383155d0cd14fc0bf	0fdd79e05904dacec4c9ebf254f03f313d7bbe8b408905030c4a4be79508de50	c4ee301a2774857a63b158e23aa14ea9d68bfad532d6429e2d05e91908c29427	False	Retrospective development preference; not an efficacy, safety or delivery prediction.	MSTN_ENST00000260950.5_0002235_0002254	ENST00000260950.5	2235	2254	AAAGGAGACACUUAUUUACUU	GUAAAUAAGUGUCUCCUUUUU	False	139232	RECORDED_OTHER_GENE_FULL_CORE_WITHIN_TWO_SUBSTITUTIONS;RECORDED_GDF11_CANONICAL_SEED_SITE	UNASSESSED — excluded from accelerated scope	UNASSESSED — excluded from accelerated scope	13	13	4	4781	4661	1084	0	1	28218	23895	5050	1	1	9458	8960	2019	1	0	33823	6785	7	7	5	20346	17607	3464	0	2	39134	29629	5709	4	3	37295	29440	5243	0	1	58018	9320
